id,Mosquito Species,timeStamp
220291,ae aegypti,0-1
220291,ae aegypti,1-2
220292,ae aegypti,0-1
220292,ae aegypti,14-15
220292,ae aegypti,17-18
220292,ae aegypti,1-2
220292,ae aegypti,26-27
220292,ae aegypti,42-43
220293,ae aegypti,4-5
220306,ae aegypti,0-1
220306,ae aegypti,3-4
220307,ae aegypti,0-1
220307,ae aegypti,1-2
220308,ae aegypti,0-1
220308,ae aegypti,1-2
220310,ae aegypti,0-1
220310,ae aegypti,4-5
220314,ae aegypti,14-15
220314,ae aegypti,2-3
220314,ae aegypti,3-4
220317,ae aegypti,9-10
220317,ae aegypti,10-11
220317,ae aegypti,14-15
220317,ae aegypti,15-16
220317,ae aegypti,18-19
220317,ae aegypti,20-21
220317,ae aegypti,3-4
220317,ae aegypti,8-9
220318,ae aegypti,4-5
220319,ae aegypti,12-13
220319,ae aegypti,13-14
220323,ae aegypti,12-13
220323,ae aegypti,13-14
220323,ae aegypti,14-15
220323,ae aegypti,15-16
220323,ae aegypti,16-17
220323,ae aegypti,17-18
220323,ae aegypti,18-19
220323,ae aegypti,19-20
220324,ae aegypti,3-4
220372,ae aegypti,35-36
220372,ae aegypti,43-44
220385,ae aegypti,1-2
220385,ae aegypti,5-6
220386,ae aegypti,0-1
220386,ae aegypti,1-2
220387,ae aegypti,0-1
220387,ae aegypti,9-10
220387,ae aegypti,10-11
220387,ae aegypti,11-12
220387,ae aegypti,1-2
220387,ae aegypti,2-3
220387,ae aegypti,8-9
220388,ae aegypti,0-1
220388,ae aegypti,9-10
220388,ae aegypti,1-2
220388,ae aegypti,2-3
220388,ae aegypti,3-4
220388,ae aegypti,4-5
220388,ae aegypti,5-6
220388,ae aegypti,6-7
220388,ae aegypti,7-8
220390,ae aegypti,0-1
220390,ae aegypti,1-2
220391,ae aegypti,0-1
220391,ae aegypti,1-2
220391,ae aegypti,2-3
220391,ae aegypti,3-4
220391,ae aegypti,4-5
220392,ae aegypti,0-1
220392,ae aegypti,1-2
220393,ae aegypti,0-1
220393,ae aegypti,1-2
220393,ae aegypti,2-3
220393,ae aegypti,3-4
220393,ae aegypti,4-5
220400,ae aegypti,18-19
220400,ae aegypti,1-2
220403,ae aegypti,0-1
220403,ae aegypti,47-48
220405,ae aegypti,15-16
220405,ae aegypti,26-27
220405,ae aegypti,35-36
220405,ae aegypti,41-42
220430,ae aegypti,22-23
220441,ae aegypti,18-19
220441,ae aegypti,19-20
220441,ae aegypti,20-21
220441,ae aegypti,21-22
220441,ae aegypti,27-28
220446,ae aegypti,9-10
220452,ae aegypti,14-15
220452,ae aegypti,15-16
220452,ae aegypti,16-17
220460,ae aegypti,0-1
220460,ae aegypti,13-14
220460,ae aegypti,14-15
220460,ae aegypti,23-24
220460,ae aegypti,24-25
220460,ae aegypti,25-26
220460,ae aegypti,26-27
220460,ae aegypti,27-28
220460,ae aegypti,28-29
220460,ae aegypti,2-3
220460,ae aegypti,29-30
220460,ae aegypti,3-4
220460,ae aegypti,7-8
220461,ae aegypti,13-14
220461,ae aegypti,2-3
220464,ae aegypti,9-10
220464,ae aegypti,24-25
220464,ae aegypti,3-4
220464,ae aegypti,6-7
220466,ae aegypti,20-21
220466,ae aegypti,21-22
220466,ae aegypti,22-23
220473,ae aegypti,1-2
220482,ae aegypti,0-1
220482,ae aegypti,10-11
220482,ae aegypti,11-12
220482,ae aegypti,23-24
220482,ae aegypti,24-25
220482,ae aegypti,29-30
220498,ae aegypti,11-12
220498,ae aegypti,13-14
220498,ae aegypti,31-32
220498,ae aegypti,6-7
220498,ae aegypti,7-8
220498,ae aegypti,8-9
220500,ae aegypti,0-1
220500,ae aegypti,13-14
220500,ae aegypti,1-2
220500,ae aegypti,22-23
220500,ae aegypti,2-3
220500,ae aegypti,29-30
220500,ae aegypti,4-5
220503,ae aegypti,6-7
220040,an arabiensis,0-1
220040,an arabiensis,16-17
220040,an arabiensis,24-25
220040,an arabiensis,7-8
220041,an arabiensis,0-1
220041,an arabiensis,14-15
220043,an arabiensis,0-1
220043,an arabiensis,11-12
220043,an arabiensis,12-13
220044,an arabiensis,0-1
220044,an arabiensis,16-17
220044,an arabiensis,25-26
220044,an arabiensis,26-27
220044,an arabiensis,27-28
220044,an arabiensis,28-29
220044,an arabiensis,29-30
220044,an arabiensis,30-31
220044,an arabiensis,31-32
220044,an arabiensis,32-33
220044,an arabiensis,33-34
220044,an arabiensis,34-35
220044,an arabiensis,47-48
220044,an arabiensis,54-55
220044,an arabiensis,58-59
220044,an arabiensis,8-9
220048,an arabiensis,5-6
220048,an arabiensis,6-7
220049,an arabiensis,10-11
220049,an arabiensis,11-12
220049,an arabiensis,19-20
220049,an arabiensis,20-21
220049,an arabiensis,27-28
220049,an arabiensis,3-4
220050,an arabiensis,0-1
220050,an arabiensis,13-14
220050,an arabiensis,14-15
220050,an arabiensis,21-22
220050,an arabiensis,29-30
220053,an arabiensis,0-1
220053,an arabiensis,9-10
220053,an arabiensis,10-11
220053,an arabiensis,11-12
220053,an arabiensis,12-13
220053,an arabiensis,13-14
220053,an arabiensis,15-16
220053,an arabiensis,1-2
220053,an arabiensis,20-21
220053,an arabiensis,21-22
220053,an arabiensis,8-9
220056,an arabiensis,0-1
220056,an arabiensis,9-10
220056,an arabiensis,28-29
220057,an arabiensis,0-1
220057,an arabiensis,9-10
220057,an arabiensis,17-18
220057,an arabiensis,31-32
220057,an arabiensis,32-33
220057,an arabiensis,47-48
220064,an arabiensis,14-15
220064,an arabiensis,18-19
220064,an arabiensis,24-25
220064,an arabiensis,25-26
220064,an arabiensis,32-33
220064,an arabiensis,33-34
220064,an arabiensis,34-35
220065,an arabiensis,0-1
220065,an arabiensis,15-16
220065,an arabiensis,26-27
220065,an arabiensis,32-33
220065,an arabiensis,50-51
220068,an arabiensis,0-1
220068,an arabiensis,14-15
220068,an arabiensis,15-16
220068,an arabiensis,16-17
220068,an arabiensis,17-18
220068,an arabiensis,19-20
220068,an arabiensis,22-23
220068,an arabiensis,26-27
220068,an arabiensis,29-30
220069,an arabiensis,0-1
220069,an arabiensis,9-10
220069,an arabiensis,10-11
220069,an arabiensis,14-15
220069,an arabiensis,15-16
220069,an arabiensis,16-17
220069,an arabiensis,34-35
220069,an arabiensis,4-5
220069,an arabiensis,5-6
220069,an arabiensis,6-7
220069,an arabiensis,7-8
220069,an arabiensis,8-9
220071,an arabiensis,0-1
220071,an arabiensis,13-14
220071,an arabiensis,14-15
220071,an arabiensis,15-16
220071,an arabiensis,16-17
220071,an arabiensis,2-3
220073,an arabiensis,0-1
220073,an arabiensis,6-7
220077,an arabiensis,0-1
220079,an arabiensis,0-1
220079,an arabiensis,9-10
220079,an arabiensis,8-9
220080,an arabiensis,1-2
220080,an arabiensis,2-3
220080,an arabiensis,3-4
220080,an arabiensis,4-5
220080,an arabiensis,5-6
220080,an arabiensis,6-7
220082,an arabiensis,6-7
220083,an arabiensis,9-10
220083,an arabiensis,5-6
220083,an arabiensis,6-7
220086,an arabiensis,0-1
220086,an arabiensis,6-7
220087,an arabiensis,2-3
220087,an arabiensis,5-6
220088,an arabiensis,2-3
220088,an arabiensis,3-4
220088,an arabiensis,4-5
220094,an arabiensis,11-12
220098,an arabiensis,0-1
220098,an arabiensis,10-11
220098,an arabiensis,19-20
220099,an arabiensis,0-1
220099,an arabiensis,12-13
220099,an arabiensis,16-17
220099,an arabiensis,33-34
220099,an arabiensis,8-9
220103,an arabiensis,0-1
220105,an arabiensis,16-17
220105,an arabiensis,5-6
220108,an arabiensis,0-1
220108,an arabiensis,10-11
220111,an arabiensis,24-25
220111,an arabiensis,5-6
220115,an arabiensis,11-12
220115,an arabiensis,31-32
220115,an arabiensis,5-6
220127,an arabiensis,0-1
220127,an arabiensis,10-11
220127,an arabiensis,12-13
220127,an arabiensis,15-16
220127,an arabiensis,1-2
220127,an arabiensis,2-3
220127,an arabiensis,5-6
220127,an arabiensis,6-7
220128,an arabiensis,0-1
220130,an arabiensis,0-1
220130,an arabiensis,12-13
220130,an arabiensis,13-14
220130,an arabiensis,14-15
220130,an arabiensis,15-16
220130,an arabiensis,16-17
220130,an arabiensis,5-6
220131,an arabiensis,16-17
220131,an arabiensis,17-18
220131,an arabiensis,22-23
220131,an arabiensis,8-9
220132,an arabiensis,17-18
220132,an arabiensis,1-2
220132,an arabiensis,27-28
220132,an arabiensis,7-8
220138,an arabiensis,0-1
220138,an arabiensis,14-15
220138,an arabiensis,21-22
220144,an arabiensis,11-12
220144,an arabiensis,5-6
220145,an arabiensis,0-1
220145,an arabiensis,7-8
220146,an arabiensis,0-1
220146,an arabiensis,6-7
220152,an arabiensis,1-2
220152,an arabiensis,2-3
220152,an arabiensis,3-4
220153,an arabiensis,0-1
220153,an arabiensis,11-12
220153,an arabiensis,14-15
220153,an arabiensis,2-3
220153,an arabiensis,7-8
220154,an arabiensis,0-1
220156,an arabiensis,0-1
220156,an arabiensis,10-11
220156,an arabiensis,1-2
220156,an arabiensis,24-25
220170,an arabiensis,0-1
220170,an arabiensis,12-13
220170,an arabiensis,18-19
220170,an arabiensis,1-2
220170,an arabiensis,2-3
220170,an arabiensis,32-33
220170,an arabiensis,3-4
220170,an arabiensis,4-5
220171,an arabiensis,0-1
220171,an arabiensis,14-15
220171,an arabiensis,1-2
220171,an arabiensis,24-25
220171,an arabiensis,29-30
220171,an arabiensis,50-51
220171,an arabiensis,5-6
220173,an arabiensis,0-1
220173,an arabiensis,4-5
220181,an arabiensis,0-1
220181,an arabiensis,10-11
220181,an arabiensis,14-15
220181,an arabiensis,26-27
220181,an arabiensis,3-4
220181,an arabiensis,41-42
220181,an arabiensis,6-7
220181,an arabiensis,7-8
220182,an arabiensis,12-13
220182,an arabiensis,13-14
220182,an arabiensis,22-23
220182,an arabiensis,28-29
220182,an arabiensis,29-30
220186,an arabiensis,14-15
220186,an arabiensis,1-2
220186,an arabiensis,19-20
220186,an arabiensis,23-24
220186,an arabiensis,24-25
220186,an arabiensis,30-31
220186,an arabiensis,5-6
220192,an arabiensis,15-16
220192,an arabiensis,7-8
220199,an arabiensis,0-1
220199,an arabiensis,12-13
220199,an arabiensis,17-18
220199,an arabiensis,18-19
220199,an arabiensis,19-20
220199,an arabiensis,23-24
220199,an arabiensis,24-25
220201,an arabiensis,0-1
220201,an arabiensis,1-2
220202,an arabiensis,2-3
220203,an arabiensis,3-4
220207,an arabiensis,12-13
220207,an arabiensis,13-14
220213,an arabiensis,0-1
220215,an arabiensis,0-1
220215,an arabiensis,1-2
220221,an arabiensis,0-1
220221,an arabiensis,9-10
220221,an arabiensis,20-21
220223,an arabiensis,2-3
220233,an arabiensis,0-1
220233,an arabiensis,1-2
220236,an arabiensis,12-13
220236,an arabiensis,2-3
220236,an arabiensis,3-4
220237,an arabiensis,0-1
220241,an arabiensis,0-1
220244,an arabiensis,0-1
220245,an arabiensis,9-10
220245,an arabiensis,6-7
220246,an arabiensis,1-2
220251,an arabiensis,0-1
220251,an arabiensis,1-2
220257,an arabiensis,0-1
220257,an arabiensis,5-6
220259,an arabiensis,3-4
220260,an arabiensis,5-6
220262,an arabiensis,0-1
220262,an arabiensis,1-2
220265,an arabiensis,24-25
220269,an arabiensis,9-10
220269,an arabiensis,18-19
220269,an arabiensis,19-20
220275,an arabiensis,13-14
220275,an arabiensis,24-25
220290,an arabiensis,13-14
220350,an arabiensis,2-3
220351,an arabiensis,1-2
220360,an arabiensis,0-1
220360,an arabiensis,16-17
220373,an arabiensis,0-1
220373,an arabiensis,1-2
220374,an arabiensis,1-2
220376,an arabiensis,9-10
220376,an arabiensis,10-11
220376,an arabiensis,11-12
220376,an arabiensis,17-18
220376,an arabiensis,19-20
220376,an arabiensis,20-21
220376,an arabiensis,21-22
220376,an arabiensis,7-8
220376,an arabiensis,8-9
220380,an arabiensis,9-10
220420,an arabiensis,0-1
220421,an arabiensis,0-1
220423,an arabiensis,4-5
220424,an arabiensis,0-1
220424,an arabiensis,1-2
220426,an arabiensis,0-1
220471,an arabiensis,34-35
220471,an arabiensis,6-7
220480,an arabiensis,0-1
220480,an arabiensis,10-11
220480,an arabiensis,5-6
220481,an arabiensis,12-13
220481,an arabiensis,13-14
220481,an arabiensis,14-15
220481,an arabiensis,1-2
220521,an arabiensis,0-1
220521,an arabiensis,1-2
220522,an arabiensis,0-1
220522,an arabiensis,1-2
220523,an arabiensis,0-1
220523,an arabiensis,99-100
220523,an arabiensis,1-2
220523,an arabiensis,22-23
220523,an arabiensis,26-27
220523,an arabiensis,2-3
220523,an arabiensis,3-4
220523,an arabiensis,4-5
220523,an arabiensis,5-6
220523,an arabiensis,6-7
220523,an arabiensis,7-8
220524,an arabiensis,0-1
220524,an arabiensis,1-2
220526,an arabiensis,10-11
220529,an arabiensis,0-1
220529,an arabiensis,1-2
220532,an arabiensis,0-1
220532,an arabiensis,1-2
220535,an arabiensis,12-13
220535,an arabiensis,17-18
220535,an arabiensis,33-34
220539,an arabiensis,0-1
220539,an arabiensis,1-2
220540,an arabiensis,0-1
220540,an arabiensis,1-2
220558,an arabiensis,5-6
220565,an arabiensis,18-19
220643,an arabiensis,10-11
220655,an arabiensis,0-1
220753,an arabiensis,0-1
220754,an arabiensis,0-1
220754,an arabiensis,23-24
220794,an arabiensis,6-7
220849,an arabiensis,0-1
220849,an arabiensis,1-2
220852,an arabiensis,13-14
220852,an arabiensis,33-34
220853,an arabiensis,6-7
220855,an arabiensis,2-3
220894,an arabiensis,0-1
220895,an arabiensis,1-2
220895,an arabiensis,2-3
220895,an arabiensis,6-7
220895,an arabiensis,7-8
220896,an arabiensis,0-1
220902,an arabiensis,0-1
220903,an arabiensis,4-5
220903,an arabiensis,5-6
220903,an arabiensis,6-7
220903,an arabiensis,7-8
220936,an arabiensis,4-5
220936,an arabiensis,5-6
220938,an arabiensis,0-1
220938,an arabiensis,1-2
220943,an arabiensis,8-9
220948,an arabiensis,0-1
220949,an arabiensis,0-1
220957,an arabiensis,0-1
220985,an arabiensis,2-3
221004,an arabiensis,4-5
221081,an arabiensis,0-1
221083,an arabiensis,5-6
221085,an arabiensis,0-1
221085,an arabiensis,5-6
221086,an arabiensis,9-10
221086,an arabiensis,4-5
221143,an arabiensis,0-1
221143,an arabiensis,9-10
221143,an arabiensis,10-11
221143,an arabiensis,11-12
221143,an arabiensis,1-2
221143,an arabiensis,2-3
221143,an arabiensis,3-4
221171,an arabiensis,6-7
221175,an arabiensis,0-1
221175,an arabiensis,4-5
221177,an arabiensis,2-3
221177,an arabiensis,4-5
221190,an arabiensis,3-4
221196,an arabiensis,0-1
221196,an arabiensis,1-2
221197,an arabiensis,10-11
221197,an arabiensis,11-12
221197,an arabiensis,12-13
221197,an arabiensis,13-14
221197,an arabiensis,14-15
221197,an arabiensis,15-16
221197,an arabiensis,20-21
221197,an arabiensis,21-22
221197,an arabiensis,22-23
221197,an arabiensis,23-24
221197,an arabiensis,24-25
221197,an arabiensis,25-26
221197,an arabiensis,26-27
221197,an arabiensis,27-28
221197,an arabiensis,28-29
221197,an arabiensis,29-30
221197,an arabiensis,30-31
221197,an arabiensis,31-32
221197,an arabiensis,32-33
221197,an arabiensis,33-34
221197,an arabiensis,34-35
221197,an arabiensis,6-7
221197,an arabiensis,7-8
221199,an arabiensis,11-12
221199,an arabiensis,20-21
221199,an arabiensis,21-22
221199,an arabiensis,35-36
221199,an arabiensis,39-40
221199,an arabiensis,40-41
221202,an arabiensis,10-11
221202,an arabiensis,11-12
221202,an arabiensis,5-6
221203,an arabiensis,9-10
221203,an arabiensis,4-5
221203,an arabiensis,8-9
221209,an arabiensis,9-10
221209,an arabiensis,10-11
221209,an arabiensis,11-12
221209,an arabiensis,4-5
221210,an arabiensis,22-23
221210,an arabiensis,31-32
221210,an arabiensis,36-37
221210,an arabiensis,3-4
221210,an arabiensis,4-5
221210,an arabiensis,56-57
221211,an arabiensis,0-1
221211,an arabiensis,1-2
221212,an arabiensis,0-1
221212,an arabiensis,9-10
221225,an arabiensis,4-5
221227,an arabiensis,0-1
221227,an arabiensis,1-2
221227,an arabiensis,2-3
221227,an arabiensis,3-4
221227,an arabiensis,4-5
221231,an arabiensis,12-13
221231,an arabiensis,1-2
221231,an arabiensis,2-3
221231,an arabiensis,31-32
221231,an arabiensis,3-4
221231,an arabiensis,4-5
221239,an arabiensis,20-21
221239,an arabiensis,27-28
221240,an arabiensis,0-1
221240,an arabiensis,1-2
221256,an arabiensis,0-1
221256,an arabiensis,1-2
221258,an arabiensis,12-13
221258,an arabiensis,13-14
221260,an arabiensis,0-1
221310,an arabiensis,0-1
221310,an arabiensis,10-11
221310,an arabiensis,15-16
221313,an arabiensis,0-1
221313,an arabiensis,1-2
221313,an arabiensis,19-20
221313,an arabiensis,20-21
221314,an arabiensis,0-1
221314,an arabiensis,9-10
221314,an arabiensis,10-11
221314,an arabiensis,11-12
221314,an arabiensis,12-13
221314,an arabiensis,18-19
221314,an arabiensis,1-2
221314,an arabiensis,19-20
221314,an arabiensis,20-21
221314,an arabiensis,23-24
221314,an arabiensis,24-25
221314,an arabiensis,25-26
221314,an arabiensis,26-27
221314,an arabiensis,27-28
221314,an arabiensis,4-5
221314,an arabiensis,7-8
221314,an arabiensis,8-9
221318,an arabiensis,0-1
221318,an arabiensis,19-20
221318,an arabiensis,20-21
221318,an arabiensis,21-22
221318,an arabiensis,22-23
221320,an arabiensis,4-5
221321,an arabiensis,0-1
221321,an arabiensis,9-10
221321,an arabiensis,10-11
221321,an arabiensis,11-12
221321,an arabiensis,1-2
221321,an arabiensis,2-3
221321,an arabiensis,3-4
221321,an arabiensis,8-9
221324,an arabiensis,0-1
221325,an arabiensis,9-10
221325,an arabiensis,10-11
221325,an arabiensis,11-12
221325,an arabiensis,12-13
221325,an arabiensis,13-14
221325,an arabiensis,14-15
221325,an arabiensis,15-16
221325,an arabiensis,16-17
221325,an arabiensis,25-26
221325,an arabiensis,7-8
221325,an arabiensis,8-9
221328,an arabiensis,1-2
221328,an arabiensis,32-33
221328,an arabiensis,33-34
221328,an arabiensis,34-35
221328,an arabiensis,35-36
221328,an arabiensis,36-37
221341,an arabiensis,9-10
221341,an arabiensis,3-4
221341,an arabiensis,4-5
221341,an arabiensis,5-6
221341,an arabiensis,6-7
221341,an arabiensis,7-8
221341,an arabiensis,8-9
221343,an arabiensis,0-1
221343,an arabiensis,1-2
221345,an arabiensis,0-1
221345,an arabiensis,1-2
221352,an arabiensis,2-3
221352,an arabiensis,3-4
221352,an arabiensis,4-5
221352,an arabiensis,5-6
221352,an arabiensis,6-7
221352,an arabiensis,7-8
221354,an arabiensis,9-10
221354,an arabiensis,10-11
221354,an arabiensis,11-12
221354,an arabiensis,12-13
221354,an arabiensis,13-14
221354,an arabiensis,14-15
221354,an arabiensis,5-6
221354,an arabiensis,6-7
221354,an arabiensis,7-8
221354,an arabiensis,8-9
221355,an arabiensis,0-1
221355,an arabiensis,1-2
221357,an arabiensis,8-9
221362,an arabiensis,0-1
221363,an arabiensis,6-7
221369,an arabiensis,0-1
221370,an arabiensis,13-14
221370,an arabiensis,19-20
221370,an arabiensis,6-7
221374,an arabiensis,9-10
221376,an arabiensis,0-1
221377,an arabiensis,7-8
221379,an arabiensis,12-13
221379,an arabiensis,35-36
221381,an arabiensis,0-1
221381,an arabiensis,1-2
221382,an arabiensis,10-11
221382,an arabiensis,7-8
221385,an arabiensis,27-28
221386,an arabiensis,9-10
221386,an arabiensis,5-6
221386,an arabiensis,6-7
221387,an arabiensis,18-19
221393,an arabiensis,0-1
221403,an arabiensis,4-5
221404,an arabiensis,22-23
221404,an arabiensis,28-29
221404,an arabiensis,6-7
221405,an arabiensis,0-1
221409,an arabiensis,17-18
221410,an arabiensis,9-10
221410,an arabiensis,1-2
221410,an arabiensis,26-27
221411,an arabiensis,9-10
221411,an arabiensis,4-5
221422,an arabiensis,0-1
221422,an arabiensis,9-10
221422,an arabiensis,10-11
221422,an arabiensis,1-2
221422,an arabiensis,37-38
221424,an arabiensis,0-1
221425,an arabiensis,46-47
221425,an arabiensis,47-48
221433,an arabiensis,0-1
221433,an arabiensis,14-15
221433,an arabiensis,30-31
221433,an arabiensis,50-51
221441,an arabiensis,0-1
221442,an arabiensis,1-2
221442,an arabiensis,3-4
221442,an arabiensis,4-5
221444,an arabiensis,5-6
221448,an arabiensis,9-10
221448,an arabiensis,7-8
221448,an arabiensis,8-9
221451,an arabiensis,4-5
221454,an arabiensis,15-16
221454,an arabiensis,23-24
221454,an arabiensis,30-31
221454,an arabiensis,31-32
221455,an arabiensis,18-19
221455,an arabiensis,19-20
221455,an arabiensis,34-35
221455,an arabiensis,35-36
221455,an arabiensis,36-37
221455,an arabiensis,37-38
221461,an arabiensis,9-10
221461,an arabiensis,23-24
221474,an arabiensis,9-10
221496,an arabiensis,0-1
221496,an arabiensis,1-2
221496,an arabiensis,2-3
221496,an arabiensis,33-34
221496,an arabiensis,3-4
221497,an arabiensis,12-13
221497,an arabiensis,19-20
221497,an arabiensis,20-21
221497,an arabiensis,21-22
221497,an arabiensis,6-7
221505,an arabiensis,36-37
221505,an arabiensis,37-38
221508,an arabiensis,9-10
221508,an arabiensis,10-11
221509,an arabiensis,0-1
221509,an arabiensis,9-10
221509,an arabiensis,8-9
221519,an arabiensis,0-1
221520,an arabiensis,0-1
221520,an arabiensis,9-10
221520,an arabiensis,17-18
221521,an arabiensis,16-17
221521,an arabiensis,22-23
221521,an arabiensis,33-34
221521,an arabiensis,34-35
221521,an arabiensis,6-7
221528,an arabiensis,0-1
221536,an arabiensis,20-21
221549,an arabiensis,0-1
221549,an arabiensis,11-12
221562,an arabiensis,0-1
221562,an arabiensis,9-10
221590,an arabiensis,15-16
221590,an arabiensis,16-17
221602,an arabiensis,5-6
221606,an arabiensis,0-1
221606,an arabiensis,9-10
221606,an arabiensis,10-11
221606,an arabiensis,24-25
221606,an arabiensis,35-36
221606,an arabiensis,36-37
221609,an arabiensis,14-15
221609,an arabiensis,17-18
221609,an arabiensis,18-19
221609,an arabiensis,19-20
221613,an arabiensis,0-1
221613,an arabiensis,30-31
221613,an arabiensis,31-32
221613,an arabiensis,32-33
221614,an arabiensis,9-10
221614,an arabiensis,14-15
221614,an arabiensis,15-16
221614,an arabiensis,16-17
221614,an arabiensis,17-18
221614,an arabiensis,18-19
221614,an arabiensis,30-31
221614,an arabiensis,8-9
221617,an arabiensis,0-1
221617,an arabiensis,3-4
221617,an arabiensis,4-5
221627,an arabiensis,5-6
221637,an arabiensis,4-5
221641,an arabiensis,20-21
221641,an arabiensis,29-30
221641,an arabiensis,32-33
221641,an arabiensis,6-7
221646,an arabiensis,0-1
221646,an arabiensis,34-35
221666,an arabiensis,0-1
221675,an arabiensis,0-1
221675,an arabiensis,11-12
221675,an arabiensis,26-27
221684,an arabiensis,0-1
221685,an arabiensis,0-1
221685,an arabiensis,1-2
221690,an arabiensis,22-23
221691,an arabiensis,9-10
221691,an arabiensis,3-4
221691,an arabiensis,4-5
221691,an arabiensis,5-6
221691,an arabiensis,6-7
221691,an arabiensis,7-8
221691,an arabiensis,8-9
221737,an arabiensis,0-1
221737,an arabiensis,11-12
221737,an arabiensis,12-13
221737,an arabiensis,19-20
221790,an arabiensis,0-1
221791,an arabiensis,0-1
221797,an arabiensis,0-1
221797,an arabiensis,10-11
221797,an arabiensis,17-18
221797,an arabiensis,23-24
221820,an arabiensis,2-3
221824,an arabiensis,9-10
221824,an arabiensis,10-11
221824,an arabiensis,18-19
221824,an arabiensis,23-24
221837,an arabiensis,6-7
221846,an arabiensis,1-2
221858,an arabiensis,0-1
221864,an arabiensis,13-14
221865,an arabiensis,15-16
221865,an arabiensis,2-3
221865,an arabiensis,3-4
221865,an arabiensis,4-5
221865,an arabiensis,5-6
221873,an arabiensis,3-4
221873,an arabiensis,4-5
221873,an arabiensis,5-6
221873,an arabiensis,6-7
221873,an arabiensis,7-8
221873,an arabiensis,8-9
221875,an arabiensis,17-18
221877,an arabiensis,11-12
221877,an arabiensis,12-13
221877,an arabiensis,20-21
221877,an arabiensis,30-31
221879,an arabiensis,1-2
221879,an arabiensis,4-5
221882,an arabiensis,14-15
221882,an arabiensis,3-4
221882,an arabiensis,4-5
221883,an arabiensis,0-1
221883,an arabiensis,1-2
221883,an arabiensis,2-3
221884,an arabiensis,0-1
221884,an arabiensis,40-41
221884,an arabiensis,41-42
221884,an arabiensis,42-43
221884,an arabiensis,5-6
221884,an arabiensis,6-7
221884,an arabiensis,7-8
221884,an arabiensis,8-9
221886,an arabiensis,21-22
221886,an arabiensis,22-23
221888,an arabiensis,19-20
221888,an arabiensis,20-21
221888,an arabiensis,21-22
221890,an arabiensis,0-1
221891,an arabiensis,0-1
221891,an arabiensis,1-2
221891,an arabiensis,6-7
221891,an arabiensis,7-8
221893,an arabiensis,7-8
221894,an arabiensis,9-10
221894,an arabiensis,26-27
221894,an arabiensis,27-28
221894,an arabiensis,3-4
221894,an arabiensis,8-9
221896,an arabiensis,8-9
221897,an arabiensis,22-23
221897,an arabiensis,23-24
221897,an arabiensis,42-43
221897,an arabiensis,43-44
221897,an arabiensis,44-45
221897,an arabiensis,45-46
221897,an arabiensis,46-47
221897,an arabiensis,47-48
221899,an arabiensis,0-1
221899,an arabiensis,9-10
221899,an arabiensis,5-6
221899,an arabiensis,6-7
221899,an arabiensis,7-8
221899,an arabiensis,8-9
221906,an arabiensis,24-25
221911,an arabiensis,22-23
221913,an arabiensis,0-1
221913,an arabiensis,10-11
221913,an arabiensis,15-16
221913,an arabiensis,21-22
221913,an arabiensis,25-26
221913,an arabiensis,27-28
221913,an arabiensis,28-29
221913,an arabiensis,29-30
221913,an arabiensis,30-31
221913,an arabiensis,31-32
221913,an arabiensis,32-33
221913,an arabiensis,5-6
221913,an arabiensis,8-9
221915,an arabiensis,9-10
221915,an arabiensis,10-11
221915,an arabiensis,11-12
221915,an arabiensis,19-20
221915,an arabiensis,8-9
221916,an arabiensis,3-4
221917,an arabiensis,0-1
221917,an arabiensis,1-2
221920,an arabiensis,12-13
221920,an arabiensis,13-14
221920,an arabiensis,14-15
221920,an arabiensis,21-22
221920,an arabiensis,22-23
221920,an arabiensis,26-27
221920,an arabiensis,27-28
221920,an arabiensis,29-30
221920,an arabiensis,30-31
221920,an arabiensis,31-32
221920,an arabiensis,32-33
221920,an arabiensis,33-34
221920,an arabiensis,8-9
221921,an arabiensis,11-12
221921,an arabiensis,23-24
221924,an arabiensis,0-1
221924,an arabiensis,9-10
221925,an arabiensis,16-17
221925,an arabiensis,1-2
221925,an arabiensis,6-7
221925,an arabiensis,7-8
221925,an arabiensis,8-9
221926,an arabiensis,12-13
221926,an arabiensis,13-14
221929,an arabiensis,15-16
221929,an arabiensis,19-20
221929,an arabiensis,24-25
221929,an arabiensis,25-26
221929,an arabiensis,2-3
221929,an arabiensis,3-4
221932,an arabiensis,32-33
221933,an arabiensis,0-1
221933,an arabiensis,10-11
221933,an arabiensis,5-6
221934,an arabiensis,0-1
221934,an arabiensis,1-2
221934,an arabiensis,8-9
221935,an arabiensis,3-4
221935,an arabiensis,4-5
221941,an arabiensis,0-1
221941,an arabiensis,18-19
221941,an arabiensis,19-20
221942,an arabiensis,9-10
221942,an arabiensis,10-11
221942,an arabiensis,15-16
221942,an arabiensis,16-17
221942,an arabiensis,17-18
221942,an arabiensis,21-22
221942,an arabiensis,22-23
221942,an arabiensis,8-9
221943,an arabiensis,18-19
221943,an arabiensis,19-20
221943,an arabiensis,21-22
221943,an arabiensis,22-23
221943,an arabiensis,23-24
221943,an arabiensis,24-25
221943,an arabiensis,29-30
221943,an arabiensis,42-43
221953,an arabiensis,20-21
221953,an arabiensis,21-22
221954,an arabiensis,9-10
221954,an arabiensis,22-23
221954,an arabiensis,29-30
221956,an arabiensis,0-1
221956,an arabiensis,20-21
221956,an arabiensis,31-32
221956,an arabiensis,32-33
221957,an arabiensis,0-1
221957,an arabiensis,2-3
221957,an arabiensis,3-4
221958,an arabiensis,16-17
221958,an arabiensis,17-18
221958,an arabiensis,18-19
221958,an arabiensis,19-20
221958,an arabiensis,26-27
221958,an arabiensis,35-36
221958,an arabiensis,36-37
221958,an arabiensis,42-43
221959,an arabiensis,15-16
221959,an arabiensis,18-19
221960,an arabiensis,9-10
221971,an arabiensis,0-1
221972,an arabiensis,1-2
221973,an arabiensis,0-1
221973,an arabiensis,9-10
221973,an arabiensis,8-9
221974,an arabiensis,11-12
221984,an arabiensis,0-1
221989,an arabiensis,17-18
221992,an arabiensis,16-17
221992,an arabiensis,24-25
221995,an arabiensis,3-4
221995,an arabiensis,4-5
221995,an arabiensis,5-6
221995,an arabiensis,6-7
222007,an arabiensis,0-1
222007,an arabiensis,9-10
222007,an arabiensis,10-11
222007,an arabiensis,17-18
222007,an arabiensis,21-22
222007,an arabiensis,22-23
222007,an arabiensis,23-24
222007,an arabiensis,24-25
222008,an arabiensis,27-28
222008,an arabiensis,5-6
222016,an arabiensis,0-1
222016,an arabiensis,11-12
222018,an arabiensis,14-15
222019,an arabiensis,28-29
222019,an arabiensis,29-30
222019,an arabiensis,30-31
222020,an arabiensis,0-1
222020,an arabiensis,1-2
222021,an arabiensis,0-1
222024,an arabiensis,15-16
222026,an arabiensis,28-29
222026,an arabiensis,29-30
222032,an arabiensis,0-1
222033,an arabiensis,9-10
222033,an arabiensis,5-6
222034,an arabiensis,0-1
222035,an arabiensis,6-7
222040,an arabiensis,9-10
222040,an arabiensis,4-5
222040,an arabiensis,8-9
222041,an arabiensis,11-12
222041,an arabiensis,12-13
222041,an arabiensis,13-14
222041,an arabiensis,21-22
222041,an arabiensis,22-23
222041,an arabiensis,36-37
222041,an arabiensis,37-38
222043,an arabiensis,3-4
222046,an arabiensis,3-4
222046,an arabiensis,4-5
222050,an arabiensis,17-18
222053,an arabiensis,8-9
222056,an arabiensis,12-13
222060,an arabiensis,0-1
222065,an arabiensis,1-2
222065,an arabiensis,19-20
222065,an arabiensis,20-21
222065,an arabiensis,21-22
222065,an arabiensis,22-23
222065,an arabiensis,23-24
222065,an arabiensis,24-25
222065,an arabiensis,25-26
222065,an arabiensis,2-3
222065,an arabiensis,3-4
222065,an arabiensis,4-5
222066,an arabiensis,0-1
222066,an arabiensis,9-10
222066,an arabiensis,10-11
222066,an arabiensis,17-18
222066,an arabiensis,1-2
222066,an arabiensis,22-23
222066,an arabiensis,23-24
222067,an arabiensis,23-24
222067,an arabiensis,24-25
222067,an arabiensis,3-4
222067,an arabiensis,4-5
222067,an arabiensis,5-6
222067,an arabiensis,6-7
222067,an arabiensis,7-8
222067,an arabiensis,8-9
222068,an arabiensis,0-1
222068,an arabiensis,31-32
222068,an arabiensis,32-33
222069,an arabiensis,0-1
222069,an arabiensis,38-39
222069,an arabiensis,39-40
222069,an arabiensis,6-7
222073,an arabiensis,31-32
222073,an arabiensis,32-33
222079,an arabiensis,0-1
222079,an arabiensis,14-15
222079,an arabiensis,15-16
222079,an arabiensis,1-2
222079,an arabiensis,2-3
222079,an arabiensis,3-4
222079,an arabiensis,4-5
222080,an arabiensis,4-5
222080,an arabiensis,5-6
222087,an arabiensis,23-24
222087,an arabiensis,27-28
222087,an arabiensis,28-29
222088,an arabiensis,17-18
222088,an arabiensis,18-19
222088,an arabiensis,19-20
222088,an arabiensis,20-21
222089,an arabiensis,0-1
222089,an arabiensis,14-15
222089,an arabiensis,1-2
222089,an arabiensis,22-23
222089,an arabiensis,2-3
222089,an arabiensis,3-4
222090,an arabiensis,0-1
222090,an arabiensis,1-2
222091,an arabiensis,15-16
222091,an arabiensis,16-17
222091,an arabiensis,20-21
222091,an arabiensis,21-22
222091,an arabiensis,28-29
222091,an arabiensis,29-30
222091,an arabiensis,30-31
222091,an arabiensis,31-32
222091,an arabiensis,32-33
222091,an arabiensis,7-8
222091,an arabiensis,8-9
222092,an arabiensis,25-26
222092,an arabiensis,26-27
222092,an arabiensis,49-50
222092,an arabiensis,5-6
222092,an arabiensis,6-7
222093,an arabiensis,13-14
222093,an arabiensis,14-15
222093,an arabiensis,15-16
222093,an arabiensis,16-17
222094,an arabiensis,12-13
222094,an arabiensis,21-22
222094,an arabiensis,25-26
222094,an arabiensis,30-31
222095,an arabiensis,9-10
222095,an arabiensis,14-15
222095,an arabiensis,17-18
222095,an arabiensis,25-26
222095,an arabiensis,8-9
222097,an arabiensis,11-12
222100,an arabiensis,10-11
222100,an arabiensis,11-12
222100,an arabiensis,16-17
222100,an arabiensis,27-28
222100,an arabiensis,34-35
222100,an arabiensis,39-40
222100,an arabiensis,45-46
222100,an arabiensis,50-51
222105,an arabiensis,0-1
222105,an arabiensis,1-2
222107,an arabiensis,28-29
222107,an arabiensis,29-30
222107,an arabiensis,32-33
222108,an arabiensis,7-8
222112,an arabiensis,17-18
222112,an arabiensis,18-19
222112,an arabiensis,19-20
222112,an arabiensis,31-32
222112,an arabiensis,32-33
222112,an arabiensis,33-34
222114,an arabiensis,0-1
222114,an arabiensis,25-26
222116,an arabiensis,4-5
222118,an arabiensis,9-10
222118,an arabiensis,10-11
222118,an arabiensis,37-38
222118,an arabiensis,38-39
222118,an arabiensis,39-40
222119,an arabiensis,0-1
222119,an arabiensis,14-15
222119,an arabiensis,15-16
222119,an arabiensis,1-2
222119,an arabiensis,22-23
222119,an arabiensis,23-24
222119,an arabiensis,24-25
222119,an arabiensis,2-3
222119,an arabiensis,34-35
222119,an arabiensis,35-36
222119,an arabiensis,36-37
222119,an arabiensis,37-38
222119,an arabiensis,38-39
222119,an arabiensis,39-40
222119,an arabiensis,40-41
222119,an arabiensis,41-42
222119,an arabiensis,42-43
222119,an arabiensis,5-6
222125,an arabiensis,0-1
222127,an arabiensis,20-21
222127,an arabiensis,21-22
222127,an arabiensis,22-23
222127,an arabiensis,23-24
222127,an arabiensis,24-25
222127,an arabiensis,25-26
222127,an arabiensis,26-27
222127,an arabiensis,27-28
222127,an arabiensis,29-30
222127,an arabiensis,30-31
222127,an arabiensis,31-32
222127,an arabiensis,32-33
222127,an arabiensis,40-41
222127,an arabiensis,41-42
222127,an arabiensis,42-43
222128,an arabiensis,16-17
222128,an arabiensis,26-27
222129,an arabiensis,0-1
222129,an arabiensis,19-20
222129,an arabiensis,27-28
222129,an arabiensis,28-29
222129,an arabiensis,29-30
222129,an arabiensis,30-31
222129,an arabiensis,39-40
222129,an arabiensis,40-41
222130,an arabiensis,13-14
222130,an arabiensis,20-21
222130,an arabiensis,21-22
222130,an arabiensis,22-23
222130,an arabiensis,2-3
222130,an arabiensis,32-33
222130,an arabiensis,37-38
222130,an arabiensis,38-39
222130,an arabiensis,3-4
222130,an arabiensis,39-40
222130,an arabiensis,4-5
222130,an arabiensis,5-6
222134,an arabiensis,3-4
222134,an arabiensis,4-5
222135,an arabiensis,15-16
222135,an arabiensis,7-8
222136,an arabiensis,13-14
222136,an arabiensis,18-19
222136,an arabiensis,26-27
222136,an arabiensis,36-37
222136,an arabiensis,37-38
222136,an arabiensis,4-5
222138,an arabiensis,0-1
222189,an arabiensis,0-1
222189,an arabiensis,15-16
222189,an arabiensis,16-17
222189,an arabiensis,17-18
222189,an arabiensis,28-29
222189,an arabiensis,29-30
222189,an arabiensis,43-44
222203,an arabiensis,9-10
222203,an arabiensis,10-11
222203,an arabiensis,11-12
222203,an arabiensis,12-13
222203,an arabiensis,13-14
222203,an arabiensis,14-15
222203,an arabiensis,15-16
222203,an arabiensis,16-17
222203,an arabiensis,37-38
222203,an arabiensis,3-4
222203,an arabiensis,7-8
222203,an arabiensis,8-9
222221,an arabiensis,13-14
222227,an arabiensis,0-1
222227,an arabiensis,1-2
222227,an arabiensis,2-3
222227,an arabiensis,3-4
222227,an arabiensis,4-5
222227,an arabiensis,5-6
222227,an arabiensis,6-7
222241,an arabiensis,27-28
222251,an arabiensis,10-11
222256,an arabiensis,0-1
222256,an arabiensis,24-25
222264,an arabiensis,0-1
222264,an arabiensis,1-2
222265,an arabiensis,0-1
222265,an arabiensis,1-2
222265,an arabiensis,2-3
222265,an arabiensis,3-4
222265,an arabiensis,4-5
222267,an arabiensis,25-26
222270,an arabiensis,26-27
222273,an arabiensis,0-1
222274,an arabiensis,0-1
222287,an arabiensis,39-40
222297,an arabiensis,21-22
222300,an arabiensis,21-22
222301,an arabiensis,0-1
222310,an arabiensis,28-29
222312,an arabiensis,21-22
222312,an arabiensis,34-35
222312,an arabiensis,35-36
222312,an arabiensis,36-37
222312,an arabiensis,37-38
222314,an arabiensis,26-27
222314,an arabiensis,41-42
222317,an arabiensis,24-25
222324,an arabiensis,55-56
222326,an arabiensis,0-1
222327,an arabiensis,0-1
222327,an arabiensis,1-2
222330,an arabiensis,0-1
222330,an arabiensis,34-35
222334,an arabiensis,9-10
222334,an arabiensis,10-11
222334,an arabiensis,11-12
222334,an arabiensis,21-22
222334,an arabiensis,32-33
222334,an arabiensis,33-34
222334,an arabiensis,34-35
222334,an arabiensis,7-8
222334,an arabiensis,8-9
222340,an arabiensis,16-17
222340,an arabiensis,29-30
222340,an arabiensis,30-31
222340,an arabiensis,37-38
222340,an arabiensis,38-39
222340,an arabiensis,39-40
222340,an arabiensis,47-48
222343,an arabiensis,0-1
222348,an arabiensis,26-27
222348,an arabiensis,45-46
222348,an arabiensis,46-47
222348,an arabiensis,47-48
222361,an arabiensis,42-43
222362,an arabiensis,16-17
222362,an arabiensis,17-18
222362,an arabiensis,18-19
222362,an arabiensis,19-20
222363,an arabiensis,5-6
222363,an arabiensis,6-7
222364,an arabiensis,9-10
222364,an arabiensis,10-11
222364,an arabiensis,11-12
222364,an arabiensis,12-13
222364,an arabiensis,6-7
222364,an arabiensis,7-8
222366,an arabiensis,30-31
222368,an arabiensis,11-12
222368,an arabiensis,1-2
222368,an arabiensis,2-3
222368,an arabiensis,3-4
222368,an arabiensis,4-5
222368,an arabiensis,7-8
222368,an arabiensis,8-9
222370,an arabiensis,22-23
222371,an arabiensis,17-18
222371,an arabiensis,18-19
222371,an arabiensis,19-20
222371,an arabiensis,20-21
222371,an arabiensis,21-22
222372,an arabiensis,0-1
222372,an arabiensis,22-23
222372,an arabiensis,23-24
222372,an arabiensis,24-25
222376,an arabiensis,8-9
222379,an arabiensis,20-21
222379,an arabiensis,32-33
222382,an arabiensis,23-24
222382,an arabiensis,24-25
222382,an arabiensis,25-26
222382,an arabiensis,26-27
222382,an arabiensis,27-28
222382,an arabiensis,29-30
222383,an arabiensis,0-1
222396,an arabiensis,0-1
222396,an arabiensis,1-2
222397,an arabiensis,8-9
222398,an arabiensis,32-33
222398,an arabiensis,33-34
222401,an arabiensis,0-1
222402,an arabiensis,8-9
222409,an arabiensis,5-6
222414,an arabiensis,10-11
222415,an arabiensis,26-27
222415,an arabiensis,27-28
222415,an arabiensis,7-8
222416,an arabiensis,0-1
222416,an arabiensis,23-24
222416,an arabiensis,27-28
222422,an arabiensis,0-1
222422,an arabiensis,14-15
222422,an arabiensis,15-16
222422,an arabiensis,16-17
222422,an arabiensis,17-18
222422,an arabiensis,18-19
222422,an arabiensis,1-2
222422,an arabiensis,19-20
222422,an arabiensis,2-3
222422,an arabiensis,29-30
222422,an arabiensis,30-31
222422,an arabiensis,38-39
222422,an arabiensis,3-4
222422,an arabiensis,39-40
222422,an arabiensis,4-5
222422,an arabiensis,5-6
222426,an arabiensis,23-24
222426,an arabiensis,27-28
222427,an arabiensis,14-15
222427,an arabiensis,17-18
222428,an arabiensis,9-10
222428,an arabiensis,15-16
222428,an arabiensis,18-19
222428,an arabiensis,1-2
222428,an arabiensis,19-20
222428,an arabiensis,22-23
222429,an arabiensis,23-24
222429,an arabiensis,24-25
222429,an arabiensis,29-30
222429,an arabiensis,30-31
222429,an arabiensis,37-38
222431,an arabiensis,15-16
222431,an arabiensis,19-20
222431,an arabiensis,24-25
222431,an arabiensis,27-28
222431,an arabiensis,28-29
222431,an arabiensis,29-30
222431,an arabiensis,32-33
222433,an arabiensis,9-10
222435,an arabiensis,9-10
222435,an arabiensis,10-11
222435,an arabiensis,13-14
222435,an arabiensis,14-15
222435,an arabiensis,5-6
222435,an arabiensis,6-7
222435,an arabiensis,7-8
222436,an arabiensis,0-1
222436,an arabiensis,1-2
222436,an arabiensis,2-3
222436,an arabiensis,3-4
222441,an arabiensis,12-13
222441,an arabiensis,23-24
222441,an arabiensis,28-29
222441,an arabiensis,34-35
222441,an arabiensis,38-39
222441,an arabiensis,43-44
222443,an arabiensis,0-1
222450,an arabiensis,28-29
222451,an arabiensis,48-49
222451,an arabiensis,54-55
222451,an arabiensis,55-56
222452,an arabiensis,0-1
222452,an arabiensis,12-13
222452,an arabiensis,16-17
222454,an arabiensis,4-5
222454,an arabiensis,5-6
222454,an arabiensis,6-7
222454,an arabiensis,7-8
222458,an arabiensis,0-1
222458,an arabiensis,1-2
222459,an arabiensis,15-16
222459,an arabiensis,27-28
222476,an arabiensis,0-1
222476,an arabiensis,1-2
222482,an arabiensis,26-27
222482,an arabiensis,43-44
222482,an arabiensis,44-45
222482,an arabiensis,45-46
222496,an arabiensis,16-17
222497,an arabiensis,0-1
222497,an arabiensis,1-2
222497,an arabiensis,23-24
222497,an arabiensis,29-30
222497,an arabiensis,37-38
222497,an arabiensis,38-39
222497,an arabiensis,39-40
222499,an arabiensis,0-1
222499,an arabiensis,13-14
222499,an arabiensis,14-15
222500,an arabiensis,0-1
222500,an arabiensis,32-33
222500,an arabiensis,33-34
222500,an arabiensis,34-35
222500,an arabiensis,35-36
222500,an arabiensis,36-37
222500,an arabiensis,37-38
222502,an arabiensis,0-1
222502,an arabiensis,19-20
222502,an arabiensis,20-21
222502,an arabiensis,4-5
222502,an arabiensis,5-6
222504,an arabiensis,21-22
222504,an arabiensis,22-23
222504,an arabiensis,32-33
222504,an arabiensis,33-34
222504,an arabiensis,37-38
222504,an arabiensis,38-39
222504,an arabiensis,45-46
222504,an arabiensis,57-58
222505,an arabiensis,0-1
222505,an arabiensis,1-2
222506,an arabiensis,0-1
222506,an arabiensis,30-31
222506,an arabiensis,31-32
222506,an arabiensis,32-33
222511,an arabiensis,36-37
222511,an arabiensis,40-41
222511,an arabiensis,41-42
222511,an arabiensis,51-52
222511,an arabiensis,52-53
222512,an arabiensis,22-23
222512,an arabiensis,23-24
222512,an arabiensis,28-29
222513,an arabiensis,15-16
222513,an arabiensis,16-17
222513,an arabiensis,26-27
220124,an funestus ss,0-1
220124,an funestus ss,9-10
220124,an funestus ss,23-24
220124,an funestus ss,34-35
220124,an funestus ss,35-36
220124,an funestus ss,36-37
220124,an funestus ss,37-38
220134,an funestus ss,0-1
220143,an funestus ss,9-10
220143,an funestus ss,1-2
220143,an funestus ss,2-3
220143,an funestus ss,3-4
220143,an funestus ss,4-5
220143,an funestus ss,5-6
220143,an funestus ss,6-7
220143,an funestus ss,7-8
220143,an funestus ss,8-9
220161,an funestus ss,10-11
220162,an funestus ss,0-1
220162,an funestus ss,13-14
220162,an funestus ss,14-15
220162,an funestus ss,1-2
220162,an funestus ss,2-3
220163,an funestus ss,15-16
220163,an funestus ss,16-17
220163,an funestus ss,28-29
220760,an funestus ss,3-4
220760,an funestus ss,4-5
220760,an funestus ss,5-6
220944,an funestus ss,0-1
221011,an funestus ss,0-1
221016,an funestus ss,0-1
221052,an funestus ss,0-1
221052,an funestus ss,1-2
221052,an funestus ss,8-9
221059,an funestus ss,14-15
221059,an funestus ss,15-16
221062,an funestus ss,9-10
221065,an funestus ss,0-1
221066,an funestus ss,3-4
221174,an funestus ss,27-28
221193,an funestus ss,0-1
221193,an funestus ss,1-2
221249,an funestus ss,9-10
221249,an funestus ss,10-11
221249,an funestus ss,11-12
221249,an funestus ss,12-13
221249,an funestus ss,13-14
221249,an funestus ss,14-15
221309,an funestus ss,0-1
221315,an funestus ss,0-1
221315,an funestus ss,9-10
221317,an funestus ss,0-1
221319,an funestus ss,19-20
221319,an funestus ss,24-25
221319,an funestus ss,26-27
221323,an funestus ss,11-12
221329,an funestus ss,15-16
221329,an funestus ss,17-18
221329,an funestus ss,18-19
221329,an funestus ss,19-20
221329,an funestus ss,25-26
221330,an funestus ss,3-4
221330,an funestus ss,4-5
221331,an funestus ss,0-1
221331,an funestus ss,2-3
221331,an funestus ss,3-4
221338,an funestus ss,18-19
221338,an funestus ss,22-23
221339,an funestus ss,25-26
221358,an funestus ss,72-73
221358,an funestus ss,73-74
221359,an funestus ss,0-1
221359,an funestus ss,10-11
221359,an funestus ss,11-12
221359,an funestus ss,16-17
221359,an funestus ss,18-19
221359,an funestus ss,1-2
221359,an funestus ss,19-20
221359,an funestus ss,20-21
221359,an funestus ss,21-22
221359,an funestus ss,24-25
221359,an funestus ss,4-5
221359,an funestus ss,5-6
221359,an funestus ss,7-8
221414,an funestus ss,0-1
221414,an funestus ss,9-10
221414,an funestus ss,7-8
221414,an funestus ss,8-9
221415,an funestus ss,0-1
221415,an funestus ss,11-12
221430,an funestus ss,4-5
221431,an funestus ss,9-10
221431,an funestus ss,12-13
221431,an funestus ss,16-17
221431,an funestus ss,1-2
221431,an funestus ss,2-3
221431,an funestus ss,3-4
221432,an funestus ss,0-1
221432,an funestus ss,1-2
221475,an funestus ss,0-1
221475,an funestus ss,9-10
221475,an funestus ss,10-11
221475,an funestus ss,3-4
221475,an funestus ss,4-5
221475,an funestus ss,8-9
221476,an funestus ss,2-3
221476,an funestus ss,4-5
221523,an funestus ss,0-1
221523,an funestus ss,1-2
221523,an funestus ss,19-20
221524,an funestus ss,34-35
221545,an funestus ss,2-3
221545,an funestus ss,3-4
221545,an funestus ss,5-6
221545,an funestus ss,6-7
221548,an funestus ss,10-11
221548,an funestus ss,11-12
221548,an funestus ss,18-19
221548,an funestus ss,19-20
221548,an funestus ss,20-21
221548,an funestus ss,30-31
221548,an funestus ss,31-32
221564,an funestus ss,27-28
221564,an funestus ss,45-46
221578,an funestus ss,9-10
221578,an funestus ss,8-9
221583,an funestus ss,9-10
221583,an funestus ss,6-7
221583,an funestus ss,7-8
221583,an funestus ss,8-9
221584,an funestus ss,0-1
221584,an funestus ss,1-2
221584,an funestus ss,20-21
221584,an funestus ss,21-22
221584,an funestus ss,22-23
221595,an funestus ss,0-1
221595,an funestus ss,1-2
221595,an funestus ss,2-3
221595,an funestus ss,3-4
221595,an funestus ss,4-5
221596,an funestus ss,0-1
221596,an funestus ss,1-2
221604,an funestus ss,13-14
221604,an funestus ss,14-15
221621,an funestus ss,0-1
221778,an funestus ss,2-3
221855,an funestus ss,13-14
221855,an funestus ss,15-16
221855,an funestus ss,18-19
221866,an funestus ss,0-1
221872,an funestus ss,31-32
221872,an funestus ss,32-33
221912,an funestus ss,15-16
221912,an funestus ss,17-18
221912,an funestus ss,18-19
221912,an funestus ss,1-2
221912,an funestus ss,25-26
221912,an funestus ss,26-27
221912,an funestus ss,30-31
221912,an funestus ss,31-32
221912,an funestus ss,4-5
221912,an funestus ss,7-8
221912,an funestus ss,8-9
221928,an funestus ss,28-29
221944,an funestus ss,13-14
221951,an funestus ss,4-5
221966,an funestus ss,1-2
221966,an funestus ss,2-3
221966,an funestus ss,3-4
221976,an funestus ss,0-1
221976,an funestus ss,9-10
221976,an funestus ss,3-4
221977,an funestus ss,0-1
221977,an funestus ss,5-6
221977,an funestus ss,6-7
221978,an funestus ss,1-2
221978,an funestus ss,2-3
221978,an funestus ss,3-4
221978,an funestus ss,4-5
221979,an funestus ss,4-5
221987,an funestus ss,4-5
221999,an funestus ss,37-38
222005,an funestus ss,28-29
222005,an funestus ss,29-30
222009,an funestus ss,36-37
222009,an funestus ss,37-38
222010,an funestus ss,32-33
222027,an funestus ss,0-1
222027,an funestus ss,15-16
222027,an funestus ss,16-17
222027,an funestus ss,21-22
222027,an funestus ss,22-23
222027,an funestus ss,23-24
222027,an funestus ss,29-30
222027,an funestus ss,31-32
222027,an funestus ss,32-33
222027,an funestus ss,3-4
222027,an funestus ss,4-5
222027,an funestus ss,5-6
222027,an funestus ss,6-7
222028,an funestus ss,0-1
222028,an funestus ss,6-7
222044,an funestus ss,0-1
222044,an funestus ss,1-2
222044,an funestus ss,23-24
222044,an funestus ss,24-25
222044,an funestus ss,25-26
222044,an funestus ss,28-29
222044,an funestus ss,29-30
222044,an funestus ss,37-38
222044,an funestus ss,45-46
222044,an funestus ss,7-8
222057,an funestus ss,0-1
222057,an funestus ss,43-44
222057,an funestus ss,44-45
222099,an funestus ss,1-2
222099,an funestus ss,19-20
222104,an funestus ss,30-31
222104,an funestus ss,31-32
222104,an funestus ss,32-33
222104,an funestus ss,33-34
222106,an funestus ss,0-1
222106,an funestus ss,41-42
222106,an funestus ss,42-43
222120,an funestus ss,0-1
222121,an funestus ss,9-10
222121,an funestus ss,10-11
222122,an funestus ss,10-11
222122,an funestus ss,13-14
222122,an funestus ss,15-16
222122,an funestus ss,16-17
222123,an funestus ss,4-5
222132,an funestus ss,45-46
222137,an funestus ss,0-1
222137,an funestus ss,4-5
222137,an funestus ss,7-8
222178,an funestus ss,9-10
222188,an funestus ss,0-1
222247,an funestus ss,32-33
222280,an funestus ss,29-30
222280,an funestus ss,31-32
222303,an funestus ss,20-21
222303,an funestus ss,21-22
222303,an funestus ss,22-23
222316,an funestus ss,38-39
222316,an funestus ss,39-40
222320,an funestus ss,30-31
222320,an funestus ss,31-32
222320,an funestus ss,32-33
222323,an funestus ss,15-16
222323,an funestus ss,16-17
222323,an funestus ss,17-18
222323,an funestus ss,18-19
222323,an funestus ss,19-20
222323,an funestus ss,20-21
222323,an funestus ss,21-22
222323,an funestus ss,31-32
222323,an funestus ss,3-4
222323,an funestus ss,4-5
222323,an funestus ss,5-6
222331,an funestus ss,31-32
222331,an funestus ss,32-33
222337,an funestus ss,27-28
222337,an funestus ss,42-43
222342,an funestus ss,0-1
222342,an funestus ss,52-53
222344,an funestus ss,17-18
222347,an funestus ss,55-56
222347,an funestus ss,57-58
222350,an funestus ss,51-52
222350,an funestus ss,52-53
222354,an funestus ss,0-1
222356,an funestus ss,10-11
222356,an funestus ss,25-26
222356,an funestus ss,26-27
222356,an funestus ss,27-28
222356,an funestus ss,2-3
222356,an funestus ss,3-4
222365,an funestus ss,0-1
222365,an funestus ss,24-25
222365,an funestus ss,51-52
222365,an funestus ss,52-53
222374,an funestus ss,0-1
222374,an funestus ss,41-42
222374,an funestus ss,42-43
222375,an funestus ss,0-1
222380,an funestus ss,23-24
222380,an funestus ss,27-28
222380,an funestus ss,32-33
222380,an funestus ss,5-6
222384,an funestus ss,9-10
222384,an funestus ss,10-11
222384,an funestus ss,11-12
222384,an funestus ss,12-13
222384,an funestus ss,13-14
222384,an funestus ss,14-15
222384,an funestus ss,15-16
222384,an funestus ss,28-29
222384,an funestus ss,29-30
222384,an funestus ss,8-9
222385,an funestus ss,24-25
222385,an funestus ss,30-31
222390,an funestus ss,27-28
222392,an funestus ss,13-14
222392,an funestus ss,14-15
222392,an funestus ss,42-43
222399,an funestus ss,34-35
222403,an funestus ss,18-19
222403,an funestus ss,25-26
222403,an funestus ss,26-27
222403,an funestus ss,27-28
222403,an funestus ss,3-4
222404,an funestus ss,19-20
222404,an funestus ss,5-6
222406,an funestus ss,12-13
222412,an funestus ss,0-1
222472,an funestus ss,28-29
222472,an funestus ss,43-44
222472,an funestus ss,45-46
222510,an funestus ss,32-33
222510,an funestus ss,4-5
222510,an funestus ss,51-52
222531,an funestus ss,26-27
222531,an funestus ss,27-28
222531,an funestus ss,28-29
222541,an funestus ss,0-1
222542,an funestus ss,2-3
222545,an funestus ss,17-18
222547,an funestus ss,11-12
222557,an funestus ss,9-10
222562,an funestus ss,25-26
222562,an funestus ss,26-27
222565,an funestus ss,3-4
222571,an funestus ss,10-11
222571,an funestus ss,16-17
222571,an funestus ss,17-18
222573,an funestus ss,3-4
222573,an funestus ss,4-5
222578,an funestus ss,23-24
222578,an funestus ss,24-25
222578,an funestus ss,4-5
222581,an funestus ss,13-14
222581,an funestus ss,23-24
222581,an funestus ss,32-33
222581,an funestus ss,33-34
222584,an funestus ss,0-1
222585,an funestus ss,0-1
222585,an funestus ss,17-18
222585,an funestus ss,18-19
222586,an funestus ss,10-11
222586,an funestus ss,34-35
222586,an funestus ss,35-36
222588,an funestus ss,33-34
222588,an funestus ss,34-35
222590,an funestus ss,29-30
222593,an funestus ss,26-27
222594,an funestus ss,17-18
222594,an funestus ss,27-28
222594,an funestus ss,38-39
222594,an funestus ss,46-47
222594,an funestus ss,47-48
222596,an funestus ss,11-12
222599,an funestus ss,22-23
222599,an funestus ss,5-6
222599,an funestus ss,6-7
222600,an funestus ss,19-20
222601,an funestus ss,32-33
222602,an funestus ss,0-1
222602,an funestus ss,1-2
222603,an funestus ss,14-15
222604,an funestus ss,16-17
222604,an funestus ss,17-18
222604,an funestus ss,19-20
222604,an funestus ss,26-27
222604,an funestus ss,2-3
222605,an funestus ss,15-16
222605,an funestus ss,19-20
222605,an funestus ss,20-21
222606,an funestus ss,55-56
222607,an funestus ss,20-21
222607,an funestus ss,25-26
222607,an funestus ss,26-27
222607,an funestus ss,27-28
222610,an funestus ss,14-15
222610,an funestus ss,29-30
222612,an funestus ss,5-6
222612,an funestus ss,6-7
222615,an funestus ss,10-11
222615,an funestus ss,11-12
222615,an funestus ss,19-20
222616,an funestus ss,37-38
222617,an funestus ss,37-38
222620,an funestus ss,0-1
222620,an funestus ss,29-30
222621,an funestus ss,11-12
222621,an funestus ss,22-23
220045,culex pipiens complex,0-1
220045,culex pipiens complex,22-23
220045,culex pipiens complex,24-25
220045,culex pipiens complex,50-51
220051,culex pipiens complex,0-1
220051,culex pipiens complex,12-13
220051,culex pipiens complex,16-17
220051,culex pipiens complex,17-18
220051,culex pipiens complex,18-19
220051,culex pipiens complex,19-20
220054,culex pipiens complex,14-15
220054,culex pipiens complex,16-17
220054,culex pipiens complex,40-41
220055,culex pipiens complex,0-1
220055,culex pipiens complex,10-11
220055,culex pipiens complex,1-2
220055,culex pipiens complex,20-21
220055,culex pipiens complex,21-22
220055,culex pipiens complex,23-24
220055,culex pipiens complex,24-25
220055,culex pipiens complex,25-26
220055,culex pipiens complex,28-29
220055,culex pipiens complex,2-3
220055,culex pipiens complex,31-32
220055,culex pipiens complex,32-33
220055,culex pipiens complex,33-34
220055,culex pipiens complex,34-35
220055,culex pipiens complex,3-4
220058,culex pipiens complex,0-1
220058,culex pipiens complex,14-15
220058,culex pipiens complex,15-16
220058,culex pipiens complex,16-17
220058,culex pipiens complex,22-23
220058,culex pipiens complex,26-27
220058,culex pipiens complex,7-8
220058,culex pipiens complex,8-9
220059,culex pipiens complex,9-10
220059,culex pipiens complex,2-3
220059,culex pipiens complex,3-4
220059,culex pipiens complex,4-5
220059,culex pipiens complex,5-6
220059,culex pipiens complex,8-9
220060,culex pipiens complex,16-17
220060,culex pipiens complex,26-27
220060,culex pipiens complex,33-34
220060,culex pipiens complex,34-35
220060,culex pipiens complex,6-7
220061,culex pipiens complex,0-1
220061,culex pipiens complex,16-17
220061,culex pipiens complex,17-18
220061,culex pipiens complex,18-19
220061,culex pipiens complex,3-4
220061,culex pipiens complex,4-5
220061,culex pipiens complex,5-6
220061,culex pipiens complex,8-9
220062,culex pipiens complex,2-3
220066,culex pipiens complex,0-1
220066,culex pipiens complex,14-15
220066,culex pipiens complex,16-17
220066,culex pipiens complex,21-22
220066,culex pipiens complex,22-23
220066,culex pipiens complex,23-24
220066,culex pipiens complex,25-26
220066,culex pipiens complex,2-3
220066,culex pipiens complex,34-35
220067,culex pipiens complex,0-1
220067,culex pipiens complex,1-2
220067,culex pipiens complex,52-53
220067,culex pipiens complex,5-6
220070,culex pipiens complex,17-18
220074,culex pipiens complex,0-1
220074,culex pipiens complex,1-2
220074,culex pipiens complex,23-24
220074,culex pipiens complex,24-25
220074,culex pipiens complex,2-3
220074,culex pipiens complex,30-31
220075,culex pipiens complex,0-1
220075,culex pipiens complex,20-21
220075,culex pipiens complex,21-22
220078,culex pipiens complex,25-26
220081,culex pipiens complex,1-2
220084,culex pipiens complex,7-8
220092,culex pipiens complex,0-1
220116,culex pipiens complex,32-33
220117,culex pipiens complex,0-1
220139,culex pipiens complex,0-1
220139,culex pipiens complex,9-10
220139,culex pipiens complex,1-2
220139,culex pipiens complex,2-3
220139,culex pipiens complex,3-4
220139,culex pipiens complex,4-5
220139,culex pipiens complex,5-6
220139,culex pipiens complex,6-7
220139,culex pipiens complex,7-8
220139,culex pipiens complex,8-9
220157,culex pipiens complex,15-16
220157,culex pipiens complex,5-6
220158,culex pipiens complex,0-1
220158,culex pipiens complex,1-2
220185,culex pipiens complex,25-26
220198,culex pipiens complex,22-23
220200,culex pipiens complex,0-1
220208,culex pipiens complex,13-14
220216,culex pipiens complex,0-1
220216,culex pipiens complex,12-13
220216,culex pipiens complex,13-14
220216,culex pipiens complex,15-16
220216,culex pipiens complex,20-21
220216,culex pipiens complex,21-22
220216,culex pipiens complex,4-5
220216,culex pipiens complex,5-6
220216,culex pipiens complex,6-7
220216,culex pipiens complex,7-8
220217,culex pipiens complex,4-5
220218,culex pipiens complex,9-10
220218,culex pipiens complex,3-4
220218,culex pipiens complex,6-7
220218,culex pipiens complex,7-8
220218,culex pipiens complex,8-9
220219,culex pipiens complex,3-4
220219,culex pipiens complex,4-5
220261,culex pipiens complex,0-1
220337,culex pipiens complex,1-2
220337,culex pipiens complex,2-3
220338,culex pipiens complex,0-1
220338,culex pipiens complex,9-10
220338,culex pipiens complex,10-11
220338,culex pipiens complex,11-12
220338,culex pipiens complex,1-2
220338,culex pipiens complex,2-3
220338,culex pipiens complex,3-4
220338,culex pipiens complex,4-5
220338,culex pipiens complex,5-6
220338,culex pipiens complex,6-7
220338,culex pipiens complex,8-9
220344,culex pipiens complex,0-1
220344,culex pipiens complex,2-3
220349,culex pipiens complex,0-1
220349,culex pipiens complex,1-2
220349,culex pipiens complex,2-3
220361,culex pipiens complex,0-1
220361,culex pipiens complex,3-4
220361,culex pipiens complex,4-5
220363,culex pipiens complex,0-1
220564,culex pipiens complex,1-2
220610,culex pipiens complex,1-2
220626,culex pipiens complex,0-1
220626,culex pipiens complex,1-2
220626,culex pipiens complex,2-3
220626,culex pipiens complex,3-4
220626,culex pipiens complex,4-5
220626,culex pipiens complex,5-6
220626,culex pipiens complex,6-7
220626,culex pipiens complex,7-8
220627,culex pipiens complex,0-1
220627,culex pipiens complex,1-2
220629,culex pipiens complex,5-6
220629,culex pipiens complex,6-7
220630,culex pipiens complex,0-1
220630,culex pipiens complex,1-2
220630,culex pipiens complex,2-3
220630,culex pipiens complex,3-4
220630,culex pipiens complex,4-5
220630,culex pipiens complex,5-6
220630,culex pipiens complex,6-7
220631,culex pipiens complex,0-1
220631,culex pipiens complex,1-2
220634,culex pipiens complex,10-11
220634,culex pipiens complex,13-14
220634,culex pipiens complex,14-15
220634,culex pipiens complex,3-4
220635,culex pipiens complex,0-1
220635,culex pipiens complex,9-10
220635,culex pipiens complex,10-11
220635,culex pipiens complex,1-2
220635,culex pipiens complex,2-3
220635,culex pipiens complex,3-4
220635,culex pipiens complex,5-6
220635,culex pipiens complex,6-7
220635,culex pipiens complex,7-8
220635,culex pipiens complex,8-9
220636,culex pipiens complex,0-1
220636,culex pipiens complex,1-2
220639,culex pipiens complex,1-2
220639,culex pipiens complex,6-7
220640,culex pipiens complex,0-1
220645,culex pipiens complex,0-1
220646,culex pipiens complex,13-14
220646,culex pipiens complex,16-17
220646,culex pipiens complex,19-20
220646,culex pipiens complex,20-21
220646,culex pipiens complex,8-9
220648,culex pipiens complex,0-1
220649,culex pipiens complex,3-4
220649,culex pipiens complex,4-5
220649,culex pipiens complex,5-6
220651,culex pipiens complex,4-5
220651,culex pipiens complex,5-6
220651,culex pipiens complex,6-7
220653,culex pipiens complex,0-1
220653,culex pipiens complex,1-2
220665,culex pipiens complex,9-10
220665,culex pipiens complex,3-4
220665,culex pipiens complex,4-5
220665,culex pipiens complex,5-6
220665,culex pipiens complex,8-9
220666,culex pipiens complex,0-1
220668,culex pipiens complex,1-2
220668,culex pipiens complex,2-3
220668,culex pipiens complex,5-6
220668,culex pipiens complex,6-7
220670,culex pipiens complex,0-1
220670,culex pipiens complex,1-2
220670,culex pipiens complex,2-3
220671,culex pipiens complex,0-1
220671,culex pipiens complex,12-13
220671,culex pipiens complex,14-15
220671,culex pipiens complex,1-2
220684,culex pipiens complex,9-10
220684,culex pipiens complex,10-11
220684,culex pipiens complex,1-2
220685,culex pipiens complex,7-8
220686,culex pipiens complex,16-17
220693,culex pipiens complex,0-1
220693,culex pipiens complex,1-2
220693,culex pipiens complex,2-3
220693,culex pipiens complex,3-4
220693,culex pipiens complex,4-5
220693,culex pipiens complex,5-6
220700,culex pipiens complex,3-4
220701,culex pipiens complex,0-1
220704,culex pipiens complex,0-1
220713,culex pipiens complex,0-1
220713,culex pipiens complex,1-2
220715,culex pipiens complex,0-1
220715,culex pipiens complex,1-2
220715,culex pipiens complex,2-3
220715,culex pipiens complex,6-7
220717,culex pipiens complex,0-1
220726,culex pipiens complex,8-9
220727,culex pipiens complex,0-1
220731,culex pipiens complex,4-5
220732,culex pipiens complex,0-1
220732,culex pipiens complex,12-13
220732,culex pipiens complex,15-16
220732,culex pipiens complex,3-4
220732,culex pipiens complex,4-5
220732,culex pipiens complex,5-6
220733,culex pipiens complex,10-11
220734,culex pipiens complex,0-1
220734,culex pipiens complex,1-2
220737,culex pipiens complex,0-1
220737,culex pipiens complex,12-13
220737,culex pipiens complex,19-20
220737,culex pipiens complex,6-7
220738,culex pipiens complex,0-1
220738,culex pipiens complex,1-2
220739,culex pipiens complex,0-1
220742,culex pipiens complex,1-2
220745,culex pipiens complex,0-1
220745,culex pipiens complex,24-25
220745,culex pipiens complex,38-39
220745,culex pipiens complex,3-4
220745,culex pipiens complex,39-40
220745,culex pipiens complex,42-43
220745,culex pipiens complex,4-5
220745,culex pipiens complex,5-6
220745,culex pipiens complex,6-7
220745,culex pipiens complex,7-8
220751,culex pipiens complex,4-5
220755,culex pipiens complex,2-3
220756,culex pipiens complex,0-1
220762,culex pipiens complex,15-16
220762,culex pipiens complex,6-7
220762,culex pipiens complex,7-8
220777,culex pipiens complex,9-10
220777,culex pipiens complex,10-11
220777,culex pipiens complex,11-12
220777,culex pipiens complex,14-15
220777,culex pipiens complex,15-16
220777,culex pipiens complex,16-17
220777,culex pipiens complex,17-18
220777,culex pipiens complex,18-19
220777,culex pipiens complex,1-2
220777,culex pipiens complex,19-20
220777,culex pipiens complex,3-4
220777,culex pipiens complex,4-5
220777,culex pipiens complex,5-6
220777,culex pipiens complex,6-7
220777,culex pipiens complex,7-8
220778,culex pipiens complex,5-6
220779,culex pipiens complex,2-3
220780,culex pipiens complex,1-2
220782,culex pipiens complex,10-11
220782,culex pipiens complex,13-14
220782,culex pipiens complex,2-3
220782,culex pipiens complex,7-8
220783,culex pipiens complex,0-1
220783,culex pipiens complex,16-17
220783,culex pipiens complex,18-19
220783,culex pipiens complex,1-2
220783,culex pipiens complex,19-20
220783,culex pipiens complex,2-3
220783,culex pipiens complex,3-4
220783,culex pipiens complex,4-5
220784,culex pipiens complex,3-4
220788,culex pipiens complex,0-1
220911,culex pipiens complex,2-3
220923,culex pipiens complex,0-1
220923,culex pipiens complex,9-10
220923,culex pipiens complex,13-14
220923,culex pipiens complex,17-18
220923,culex pipiens complex,21-22
220923,culex pipiens complex,4-5
220923,culex pipiens complex,6-7
220924,culex pipiens complex,0-1
220924,culex pipiens complex,5-6
220924,culex pipiens complex,6-7
220925,culex pipiens complex,4-5
220926,culex pipiens complex,14-15
220926,culex pipiens complex,15-16
220926,culex pipiens complex,16-17
220926,culex pipiens complex,17-18
220926,culex pipiens complex,18-19
220926,culex pipiens complex,19-20
220926,culex pipiens complex,29-30
220927,culex pipiens complex,7-8
220928,culex pipiens complex,14-15
220931,culex pipiens complex,18-19
220931,culex pipiens complex,28-29
220931,culex pipiens complex,34-35
220931,culex pipiens complex,5-6
220931,culex pipiens complex,8-9
220935,culex pipiens complex,0-1
220939,culex pipiens complex,0-1
220941,culex pipiens complex,27-28
220941,culex pipiens complex,28-29
220945,culex pipiens complex,0-1
220945,culex pipiens complex,1-2
220945,culex pipiens complex,2-3
220945,culex pipiens complex,36-37
220945,culex pipiens complex,37-38
220945,culex pipiens complex,3-4
220945,culex pipiens complex,4-5
220945,culex pipiens complex,5-6
220945,culex pipiens complex,6-7
220945,culex pipiens complex,7-8
220959,culex pipiens complex,0-1
220959,culex pipiens complex,26-27
220959,culex pipiens complex,27-28
220964,culex pipiens complex,0-1
220964,culex pipiens complex,10-11
220967,culex pipiens complex,20-21
220971,culex pipiens complex,9-10
220971,culex pipiens complex,10-11
220971,culex pipiens complex,11-12
220971,culex pipiens complex,22-23
220971,culex pipiens complex,23-24
220971,culex pipiens complex,24-25
220971,culex pipiens complex,6-7
220981,culex pipiens complex,1-2
220988,culex pipiens complex,2-3
220989,culex pipiens complex,1-2
220996,culex pipiens complex,22-23
220996,culex pipiens complex,23-24
220998,culex pipiens complex,0-1
221013,culex pipiens complex,0-1
221013,culex pipiens complex,1-2
221024,culex pipiens complex,0-1
221027,culex pipiens complex,0-1
221027,culex pipiens complex,17-18
221027,culex pipiens complex,7-8
221027,culex pipiens complex,8-9
221028,culex pipiens complex,0-1
221031,culex pipiens complex,0-1
221031,culex pipiens complex,1-2
221034,culex pipiens complex,3-4
221035,culex pipiens complex,0-1
221037,culex pipiens complex,0-1
221045,culex pipiens complex,2-3
221056,culex pipiens complex,0-1
221056,culex pipiens complex,1-2
221057,culex pipiens complex,0-1
221057,culex pipiens complex,1-2
221057,culex pipiens complex,29-30
221058,culex pipiens complex,0-1
221058,culex pipiens complex,17-18
221058,culex pipiens complex,1-2
221058,culex pipiens complex,2-3
221058,culex pipiens complex,3-4
221058,culex pipiens complex,4-5
221104,culex pipiens complex,0-1
221104,culex pipiens complex,1-2
221109,culex pipiens complex,0-1
221109,culex pipiens complex,1-2
221115,culex pipiens complex,0-1
221115,culex pipiens complex,16-17
221144,culex pipiens complex,0-1
221144,culex pipiens complex,1-2
221145,culex pipiens complex,33-34
221158,culex pipiens complex,0-1
221219,culex pipiens complex,0-1
221219,culex pipiens complex,24-25
221219,culex pipiens complex,25-26
221219,culex pipiens complex,26-27
221219,culex pipiens complex,27-28
221232,culex pipiens complex,0-1
221232,culex pipiens complex,1-2
221232,culex pipiens complex,27-28
221243,culex pipiens complex,0-1
221243,culex pipiens complex,1-2
221243,culex pipiens complex,2-3
221243,culex pipiens complex,3-4
221243,culex pipiens complex,4-5
221244,culex pipiens complex,23-24
221244,culex pipiens complex,24-25
221380,culex pipiens complex,17-18
221380,culex pipiens complex,18-19
221380,culex pipiens complex,1-2
221380,culex pipiens complex,22-23
221380,culex pipiens complex,23-24
221380,culex pipiens complex,24-25
221380,culex pipiens complex,25-26
221380,culex pipiens complex,27-28
221380,culex pipiens complex,2-3
221380,culex pipiens complex,6-7
221398,culex pipiens complex,24-25
221420,culex pipiens complex,8-9
221456,culex pipiens complex,14-15
221456,culex pipiens complex,6-7
221457,culex pipiens complex,27-28
221460,culex pipiens complex,14-15
221460,culex pipiens complex,7-8
221468,culex pipiens complex,1-2
221473,culex pipiens complex,17-18
221473,culex pipiens complex,23-24
221482,culex pipiens complex,9-10
221482,culex pipiens complex,10-11
221482,culex pipiens complex,11-12
221482,culex pipiens complex,12-13
221482,culex pipiens complex,13-14
221482,culex pipiens complex,14-15
221482,culex pipiens complex,15-16
221482,culex pipiens complex,2-3
221487,culex pipiens complex,25-26
221495,culex pipiens complex,19-20
221495,culex pipiens complex,21-22
221495,culex pipiens complex,26-27
221495,culex pipiens complex,27-28
221495,culex pipiens complex,28-29
221495,culex pipiens complex,29-30
221495,culex pipiens complex,30-31
221495,culex pipiens complex,31-32
221495,culex pipiens complex,32-33
221495,culex pipiens complex,33-34
221495,culex pipiens complex,34-35
221495,culex pipiens complex,35-36
221495,culex pipiens complex,37-38
221495,culex pipiens complex,38-39
221495,culex pipiens complex,39-40
221495,culex pipiens complex,40-41
221495,culex pipiens complex,41-42
221495,culex pipiens complex,42-43
221507,culex pipiens complex,0-1
221507,culex pipiens complex,1-2
221507,culex pipiens complex,4-5
221512,culex pipiens complex,0-1
221512,culex pipiens complex,9-10
221512,culex pipiens complex,10-11
221512,culex pipiens complex,11-12
221512,culex pipiens complex,14-15
221512,culex pipiens complex,1-2
221512,culex pipiens complex,5-6
221512,culex pipiens complex,6-7
221512,culex pipiens complex,7-8
221512,culex pipiens complex,8-9
221513,culex pipiens complex,0-1
221513,culex pipiens complex,1-2
221513,culex pipiens complex,6-7
221513,culex pipiens complex,7-8
221513,culex pipiens complex,8-9
221516,culex pipiens complex,3-4
221518,culex pipiens complex,0-1
221518,culex pipiens complex,20-21
221518,culex pipiens complex,21-22
221518,culex pipiens complex,32-33
221537,culex pipiens complex,0-1
221537,culex pipiens complex,29-30
221547,culex pipiens complex,9-10
221547,culex pipiens complex,10-11
221547,culex pipiens complex,11-12
221547,culex pipiens complex,12-13
221547,culex pipiens complex,13-14
221547,culex pipiens complex,14-15
221547,culex pipiens complex,29-30
221552,culex pipiens complex,5-6
221552,culex pipiens complex,6-7
221556,culex pipiens complex,0-1
221570,culex pipiens complex,30-31
221570,culex pipiens complex,31-32
221570,culex pipiens complex,32-33
221571,culex pipiens complex,2-3
221571,culex pipiens complex,3-4
221581,culex pipiens complex,7-8
221582,culex pipiens complex,0-1
221588,culex pipiens complex,9-10
221592,culex pipiens complex,0-1
221594,culex pipiens complex,0-1
221594,culex pipiens complex,1-2
221594,culex pipiens complex,27-28
221594,culex pipiens complex,2-3
221601,culex pipiens complex,0-1
221601,culex pipiens complex,1-2
221601,culex pipiens complex,2-3
221619,culex pipiens complex,0-1
221619,culex pipiens complex,9-10
221619,culex pipiens complex,10-11
221619,culex pipiens complex,12-13
221619,culex pipiens complex,15-16
221619,culex pipiens complex,1-2
221619,culex pipiens complex,19-20
221619,culex pipiens complex,20-21
221619,culex pipiens complex,21-22
221619,culex pipiens complex,22-23
221619,culex pipiens complex,23-24
221619,culex pipiens complex,4-5
221619,culex pipiens complex,8-9
221633,culex pipiens complex,9-10
221633,culex pipiens complex,18-19
221640,culex pipiens complex,35-36
221644,culex pipiens complex,0-1
221644,culex pipiens complex,1-2
221644,culex pipiens complex,19-20
221644,culex pipiens complex,20-21
221644,culex pipiens complex,22-23
221644,culex pipiens complex,24-25
221644,culex pipiens complex,26-27
221644,culex pipiens complex,27-28
221644,culex pipiens complex,28-29
221644,culex pipiens complex,2-3
221644,culex pipiens complex,29-30
221644,culex pipiens complex,30-31
221644,culex pipiens complex,31-32
221644,culex pipiens complex,32-33
221644,culex pipiens complex,33-34
221644,culex pipiens complex,34-35
221644,culex pipiens complex,35-36
221644,culex pipiens complex,37-38
221644,culex pipiens complex,3-4
221651,culex pipiens complex,0-1
221654,culex pipiens complex,0-1
221654,culex pipiens complex,9-10
221654,culex pipiens complex,10-11
221654,culex pipiens complex,11-12
221654,culex pipiens complex,12-13
221654,culex pipiens complex,14-15
221654,culex pipiens complex,17-18
221654,culex pipiens complex,1-2
221654,culex pipiens complex,26-27
221654,culex pipiens complex,27-28
221654,culex pipiens complex,28-29
221654,culex pipiens complex,2-3
221654,culex pipiens complex,29-30
221654,culex pipiens complex,4-5
221654,culex pipiens complex,5-6
221658,culex pipiens complex,17-18
221658,culex pipiens complex,18-19
221658,culex pipiens complex,19-20
221658,culex pipiens complex,20-21
221658,culex pipiens complex,21-22
221658,culex pipiens complex,22-23
221658,culex pipiens complex,23-24
221658,culex pipiens complex,24-25
221658,culex pipiens complex,25-26
221658,culex pipiens complex,26-27
221658,culex pipiens complex,31-32
221658,culex pipiens complex,32-33
221659,culex pipiens complex,0-1
221659,culex pipiens complex,1-2
221659,culex pipiens complex,2-3
221661,culex pipiens complex,0-1
221661,culex pipiens complex,16-17
221661,culex pipiens complex,1-2
221661,culex pipiens complex,21-22
221661,culex pipiens complex,22-23
221661,culex pipiens complex,24-25
221661,culex pipiens complex,25-26
221661,culex pipiens complex,26-27
221661,culex pipiens complex,28-29
221661,culex pipiens complex,2-3
221661,culex pipiens complex,30-31
221661,culex pipiens complex,31-32
221661,culex pipiens complex,32-33
221661,culex pipiens complex,3-4
221661,culex pipiens complex,4-5
221661,culex pipiens complex,5-6
221661,culex pipiens complex,6-7
221661,culex pipiens complex,7-8
221661,culex pipiens complex,8-9
221668,culex pipiens complex,1-2
221668,culex pipiens complex,2-3
221668,culex pipiens complex,3-4
221668,culex pipiens complex,5-6
221701,culex pipiens complex,3-4
221701,culex pipiens complex,4-5
221702,culex pipiens complex,13-14
221702,culex pipiens complex,14-15
221703,culex pipiens complex,0-1
221703,culex pipiens complex,14-15
221704,culex pipiens complex,16-17
221704,culex pipiens complex,17-18
221704,culex pipiens complex,18-19
221704,culex pipiens complex,19-20
221704,culex pipiens complex,20-21
221704,culex pipiens complex,21-22
221704,culex pipiens complex,5-6
221704,culex pipiens complex,6-7
221707,culex pipiens complex,0-1
221707,culex pipiens complex,14-15
221707,culex pipiens complex,15-16
221707,culex pipiens complex,16-17
221707,culex pipiens complex,17-18
221707,culex pipiens complex,18-19
221707,culex pipiens complex,1-2
221707,culex pipiens complex,19-20
221707,culex pipiens complex,20-21
221707,culex pipiens complex,21-22
221707,culex pipiens complex,22-23
221707,culex pipiens complex,5-6
221712,culex pipiens complex,7-8
221712,culex pipiens complex,8-9
221715,culex pipiens complex,19-20
221715,culex pipiens complex,20-21
221715,culex pipiens complex,21-22
221723,culex pipiens complex,25-26
221723,culex pipiens complex,2-3
221723,culex pipiens complex,3-4
221730,culex pipiens complex,3-4
221730,culex pipiens complex,4-5
221731,culex pipiens complex,3-4
221731,culex pipiens complex,4-5
221731,culex pipiens complex,5-6
221731,culex pipiens complex,6-7
221732,culex pipiens complex,0-1
221732,culex pipiens complex,1-2
221732,culex pipiens complex,2-3
221732,culex pipiens complex,3-4
221738,culex pipiens complex,9-10
221738,culex pipiens complex,10-11
221738,culex pipiens complex,16-17
221738,culex pipiens complex,17-18
221738,culex pipiens complex,1-2
221738,culex pipiens complex,19-20
221738,culex pipiens complex,20-21
221738,culex pipiens complex,21-22
221738,culex pipiens complex,2-3
221739,culex pipiens complex,0-1
221739,culex pipiens complex,9-10
221739,culex pipiens complex,13-14
221739,culex pipiens complex,14-15
221739,culex pipiens complex,15-16
221742,culex pipiens complex,13-14
221742,culex pipiens complex,17-18
221742,culex pipiens complex,1-2
221742,culex pipiens complex,24-25
221742,culex pipiens complex,25-26
221742,culex pipiens complex,26-27
221742,culex pipiens complex,6-7
221747,culex pipiens complex,0-1
221747,culex pipiens complex,9-10
221747,culex pipiens complex,1-2
221747,culex pipiens complex,2-3
221747,culex pipiens complex,4-5
221747,culex pipiens complex,5-6
221751,culex pipiens complex,2-3
221751,culex pipiens complex,3-4
221751,culex pipiens complex,4-5
221752,culex pipiens complex,0-1
221752,culex pipiens complex,9-10
221752,culex pipiens complex,10-11
221752,culex pipiens complex,11-12
221752,culex pipiens complex,12-13
221752,culex pipiens complex,13-14
221752,culex pipiens complex,14-15
221752,culex pipiens complex,15-16
221752,culex pipiens complex,16-17
221752,culex pipiens complex,4-5
221752,culex pipiens complex,5-6
221752,culex pipiens complex,6-7
221752,culex pipiens complex,7-8
221752,culex pipiens complex,8-9
221753,culex pipiens complex,21-22
221753,culex pipiens complex,22-23
221753,culex pipiens complex,23-24
221753,culex pipiens complex,3-4
221753,culex pipiens complex,4-5
221753,culex pipiens complex,5-6
221753,culex pipiens complex,6-7
221753,culex pipiens complex,7-8
221753,culex pipiens complex,8-9
221758,culex pipiens complex,0-1
221758,culex pipiens complex,19-20
221758,culex pipiens complex,25-26
221758,culex pipiens complex,26-27
221760,culex pipiens complex,0-1
221761,culex pipiens complex,10-11
221761,culex pipiens complex,11-12
221761,culex pipiens complex,18-19
221761,culex pipiens complex,19-20
221761,culex pipiens complex,3-4
221761,culex pipiens complex,4-5
221761,culex pipiens complex,5-6
221761,culex pipiens complex,6-7
221766,culex pipiens complex,12-13
221766,culex pipiens complex,26-27
221766,culex pipiens complex,28-29
221766,culex pipiens complex,29-30
221766,culex pipiens complex,30-31
221766,culex pipiens complex,31-32
221767,culex pipiens complex,17-18
221767,culex pipiens complex,18-19
221767,culex pipiens complex,27-28
221767,culex pipiens complex,7-8
221768,culex pipiens complex,0-1
221768,culex pipiens complex,10-11
221768,culex pipiens complex,1-2
221768,culex pipiens complex,19-20
221768,culex pipiens complex,25-26
221768,culex pipiens complex,2-3
221768,culex pipiens complex,29-30
221775,culex pipiens complex,45-46
221776,culex pipiens complex,26-27
221777,culex pipiens complex,9-10
221777,culex pipiens complex,10-11
221777,culex pipiens complex,13-14
221777,culex pipiens complex,14-15
221777,culex pipiens complex,15-16
221777,culex pipiens complex,16-17
221777,culex pipiens complex,17-18
221777,culex pipiens complex,18-19
221777,culex pipiens complex,20-21
221777,culex pipiens complex,21-22
221777,culex pipiens complex,22-23
221777,culex pipiens complex,23-24
221777,culex pipiens complex,24-25
221777,culex pipiens complex,25-26
221777,culex pipiens complex,26-27
221777,culex pipiens complex,27-28
221777,culex pipiens complex,28-29
221777,culex pipiens complex,29-30
221777,culex pipiens complex,30-31
221777,culex pipiens complex,31-32
221777,culex pipiens complex,32-33
221777,culex pipiens complex,4-5
221777,culex pipiens complex,5-6
221777,culex pipiens complex,6-7
221777,culex pipiens complex,7-8
221777,culex pipiens complex,8-9
221779,culex pipiens complex,9-10
221779,culex pipiens complex,24-25
221779,culex pipiens complex,25-26
221779,culex pipiens complex,26-27
221788,culex pipiens complex,9-10
221788,culex pipiens complex,19-20
221788,culex pipiens complex,20-21
221788,culex pipiens complex,21-22
221788,culex pipiens complex,22-23
221788,culex pipiens complex,2-3
221788,culex pipiens complex,3-4
221788,culex pipiens complex,8-9
221795,culex pipiens complex,0-1
221807,culex pipiens complex,9-10
221807,culex pipiens complex,11-12
221807,culex pipiens complex,12-13
221807,culex pipiens complex,13-14
221807,culex pipiens complex,14-15
221807,culex pipiens complex,15-16
221807,culex pipiens complex,22-23
221807,culex pipiens complex,23-24
221807,culex pipiens complex,24-25
221811,culex pipiens complex,10-11
221811,culex pipiens complex,6-7
221812,culex pipiens complex,0-1
221812,culex pipiens complex,9-10
221812,culex pipiens complex,14-15
221812,culex pipiens complex,15-16
221812,culex pipiens complex,16-17
221812,culex pipiens complex,17-18
221812,culex pipiens complex,1-2
221812,culex pipiens complex,22-23
221812,culex pipiens complex,26-27
221812,culex pipiens complex,27-28
221812,culex pipiens complex,28-29
221812,culex pipiens complex,3-4
221812,culex pipiens complex,4-5
221812,culex pipiens complex,8-9
221814,culex pipiens complex,2-3
221814,culex pipiens complex,3-4
221815,culex pipiens complex,0-1
221815,culex pipiens complex,1-2
221815,culex pipiens complex,2-3
221815,culex pipiens complex,29-30
221815,culex pipiens complex,34-35
221815,culex pipiens complex,3-4
221815,culex pipiens complex,4-5
221833,culex pipiens complex,1-2
221833,culex pipiens complex,2-3
221833,culex pipiens complex,3-4
221842,culex pipiens complex,3-4
221842,culex pipiens complex,4-5
221842,culex pipiens complex,5-6
221842,culex pipiens complex,6-7
221856,culex pipiens complex,21-22
221902,culex pipiens complex,0-1
221902,culex pipiens complex,9-10
221902,culex pipiens complex,10-11
221902,culex pipiens complex,8-9
221903,culex pipiens complex,0-1
221903,culex pipiens complex,9-10
221903,culex pipiens complex,1-2
221903,culex pipiens complex,2-3
221903,culex pipiens complex,5-6
221903,culex pipiens complex,6-7
221903,culex pipiens complex,7-8
221903,culex pipiens complex,8-9
221905,culex pipiens complex,0-1
221905,culex pipiens complex,1-2
221939,culex pipiens complex,15-16
221939,culex pipiens complex,16-17
221939,culex pipiens complex,17-18
221939,culex pipiens complex,18-19
221939,culex pipiens complex,27-28
221939,culex pipiens complex,29-30
221945,culex pipiens complex,17-18
221945,culex pipiens complex,22-23
221945,culex pipiens complex,23-24
221945,culex pipiens complex,24-25
221945,culex pipiens complex,25-26
221945,culex pipiens complex,32-33
221945,culex pipiens complex,6-7
221975,culex pipiens complex,18-19
221975,culex pipiens complex,19-20
221975,culex pipiens complex,20-21
221975,culex pipiens complex,21-22
221975,culex pipiens complex,22-23
222002,culex pipiens complex,9-10
222002,culex pipiens complex,10-11
222002,culex pipiens complex,11-12
222002,culex pipiens complex,12-13
222002,culex pipiens complex,13-14
222002,culex pipiens complex,5-6
222002,culex pipiens complex,7-8
222002,culex pipiens complex,8-9
222003,culex pipiens complex,0-1
222003,culex pipiens complex,1-2
222003,culex pipiens complex,2-3
222003,culex pipiens complex,3-4
222003,culex pipiens complex,4-5
222003,culex pipiens complex,6-7
222004,culex pipiens complex,0-1
222004,culex pipiens complex,11-12
222004,culex pipiens complex,12-13
222004,culex pipiens complex,1-2
222004,culex pipiens complex,2-3
222013,culex pipiens complex,12-13
222013,culex pipiens complex,13-14
222013,culex pipiens complex,14-15
222013,culex pipiens complex,3-4
222013,culex pipiens complex,4-5
222013,culex pipiens complex,5-6
222014,culex pipiens complex,0-1
222014,culex pipiens complex,9-10
222014,culex pipiens complex,10-11
222014,culex pipiens complex,15-16
222014,culex pipiens complex,16-17
222014,culex pipiens complex,1-2
222014,culex pipiens complex,2-3
222014,culex pipiens complex,7-8
222014,culex pipiens complex,8-9
222045,culex pipiens complex,0-1
222045,culex pipiens complex,25-26
222045,culex pipiens complex,26-27
222045,culex pipiens complex,27-28
222047,culex pipiens complex,0-1
222047,culex pipiens complex,10-11
222047,culex pipiens complex,11-12
222047,culex pipiens complex,12-13
222047,culex pipiens complex,13-14
222047,culex pipiens complex,14-15
222048,culex pipiens complex,0-1
222048,culex pipiens complex,9-10
222048,culex pipiens complex,11-12
222048,culex pipiens complex,12-13
222048,culex pipiens complex,13-14
222048,culex pipiens complex,14-15
222048,culex pipiens complex,1-2
222048,culex pipiens complex,2-3
222048,culex pipiens complex,3-4
222048,culex pipiens complex,4-5
222048,culex pipiens complex,5-6
222048,culex pipiens complex,6-7
222048,culex pipiens complex,7-8
222048,culex pipiens complex,8-9
222054,culex pipiens complex,10-11
222054,culex pipiens complex,11-12
222054,culex pipiens complex,12-13
222054,culex pipiens complex,15-16
222054,culex pipiens complex,16-17
222054,culex pipiens complex,5-6
222054,culex pipiens complex,6-7
222055,culex pipiens complex,1-2
222055,culex pipiens complex,2-3
222055,culex pipiens complex,3-4
222055,culex pipiens complex,4-5
222055,culex pipiens complex,5-6
222062,culex pipiens complex,0-1
222063,culex pipiens complex,3-4
222063,culex pipiens complex,4-5
222063,culex pipiens complex,5-6
222063,culex pipiens complex,6-7
222063,culex pipiens complex,7-8
222063,culex pipiens complex,8-9
222064,culex pipiens complex,0-1
222064,culex pipiens complex,9-10
222064,culex pipiens complex,10-11
222064,culex pipiens complex,11-12
222064,culex pipiens complex,12-13
222064,culex pipiens complex,15-16
222064,culex pipiens complex,30-31
222064,culex pipiens complex,34-35
222064,culex pipiens complex,35-36
222064,culex pipiens complex,36-37
222064,culex pipiens complex,37-38
222064,culex pipiens complex,3-4
222064,culex pipiens complex,4-5
222064,culex pipiens complex,5-6
222064,culex pipiens complex,6-7
222064,culex pipiens complex,7-8
222064,culex pipiens complex,8-9
222131,culex pipiens complex,0-1
222131,culex pipiens complex,16-17
222131,culex pipiens complex,17-18
222131,culex pipiens complex,1-2
222131,culex pipiens complex,5-6
222131,culex pipiens complex,6-7
222176,culex pipiens complex,0-1
222176,culex pipiens complex,9-10
222176,culex pipiens complex,10-11
222176,culex pipiens complex,11-12
222176,culex pipiens complex,12-13
222176,culex pipiens complex,13-14
222176,culex pipiens complex,1-2
222176,culex pipiens complex,20-21
222176,culex pipiens complex,21-22
222176,culex pipiens complex,25-26
222176,culex pipiens complex,26-27
222176,culex pipiens complex,28-29
222176,culex pipiens complex,2-3
222176,culex pipiens complex,29-30
222176,culex pipiens complex,30-31
222176,culex pipiens complex,32-33
222176,culex pipiens complex,33-34
222176,culex pipiens complex,34-35
222176,culex pipiens complex,35-36
222176,culex pipiens complex,38-39
222176,culex pipiens complex,3-4
222176,culex pipiens complex,39-40
222176,culex pipiens complex,40-41
222176,culex pipiens complex,41-42
222176,culex pipiens complex,42-43
222176,culex pipiens complex,8-9
222179,culex pipiens complex,11-12
222179,culex pipiens complex,12-13
222179,culex pipiens complex,13-14
222179,culex pipiens complex,14-15
222179,culex pipiens complex,19-20
222179,culex pipiens complex,22-23
222179,culex pipiens complex,26-27
222179,culex pipiens complex,28-29
222179,culex pipiens complex,2-3
222179,culex pipiens complex,35-36
222179,culex pipiens complex,38-39
222179,culex pipiens complex,39-40
222179,culex pipiens complex,40-41
222179,culex pipiens complex,41-42
222179,culex pipiens complex,42-43
222179,culex pipiens complex,4-5
222225,culex pipiens complex,14-15
222225,culex pipiens complex,19-20
222225,culex pipiens complex,24-25
222225,culex pipiens complex,25-26
222225,culex pipiens complex,26-27
222225,culex pipiens complex,27-28
222225,culex pipiens complex,28-29
222225,culex pipiens complex,29-30
222226,culex pipiens complex,1-2
222226,culex pipiens complex,2-3
222238,culex pipiens complex,0-1
222238,culex pipiens complex,13-14
222238,culex pipiens complex,1-2
222238,culex pipiens complex,2-3
222238,culex pipiens complex,3-4
222238,culex pipiens complex,4-5
222238,culex pipiens complex,5-6
222252,culex pipiens complex,9-10
222252,culex pipiens complex,10-11
222252,culex pipiens complex,11-12
222252,culex pipiens complex,17-18
222252,culex pipiens complex,18-19
222252,culex pipiens complex,19-20
222252,culex pipiens complex,20-21
222252,culex pipiens complex,21-22
222252,culex pipiens complex,22-23
222252,culex pipiens complex,23-24
222252,culex pipiens complex,24-25
222252,culex pipiens complex,26-27
222252,culex pipiens complex,27-28
222252,culex pipiens complex,4-5
222252,culex pipiens complex,7-8
222257,culex pipiens complex,9-10
222257,culex pipiens complex,10-11
222257,culex pipiens complex,11-12
222257,culex pipiens complex,12-13
222257,culex pipiens complex,17-18
222257,culex pipiens complex,18-19
222257,culex pipiens complex,7-8
222257,culex pipiens complex,8-9
222261,culex pipiens complex,0-1
222261,culex pipiens complex,1-2
222272,culex pipiens complex,23-24
222272,culex pipiens complex,24-25
222272,culex pipiens complex,25-26
222272,culex pipiens complex,29-30
222308,culex pipiens complex,16-17
222308,culex pipiens complex,22-23
222308,culex pipiens complex,23-24
222308,culex pipiens complex,24-25
222308,culex pipiens complex,33-34
222313,culex pipiens complex,24-25
222313,culex pipiens complex,45-46
222318,culex pipiens complex,12-13
222318,culex pipiens complex,13-14
222318,culex pipiens complex,14-15
222318,culex pipiens complex,15-16
222318,culex pipiens complex,16-17
222318,culex pipiens complex,20-21
222318,culex pipiens complex,21-22
222318,culex pipiens complex,29-30
222318,culex pipiens complex,30-31
222318,culex pipiens complex,31-32
222318,culex pipiens complex,32-33
222329,culex pipiens complex,14-15
222329,culex pipiens complex,41-42
222329,culex pipiens complex,42-43
222329,culex pipiens complex,5-6
222419,culex pipiens complex,0-1
222419,culex pipiens complex,8-9
222423,culex pipiens complex,0-1
222423,culex pipiens complex,19-20
222430,culex pipiens complex,0-1
222430,culex pipiens complex,12-13
222430,culex pipiens complex,16-17
222446,culex pipiens complex,0-1
222446,culex pipiens complex,9-10
222446,culex pipiens complex,13-14
222446,culex pipiens complex,14-15
222446,culex pipiens complex,15-16
222446,culex pipiens complex,16-17
222446,culex pipiens complex,1-2
222446,culex pipiens complex,20-21
222446,culex pipiens complex,21-22
222446,culex pipiens complex,22-23
222446,culex pipiens complex,26-27
222446,culex pipiens complex,27-28
222446,culex pipiens complex,28-29
222446,culex pipiens complex,3-4
222446,culex pipiens complex,4-5
222446,culex pipiens complex,5-6
222446,culex pipiens complex,6-7
222446,culex pipiens complex,7-8
222446,culex pipiens complex,8-9
222447,culex pipiens complex,1-2
222448,culex pipiens complex,0-1
222448,culex pipiens complex,1-2
222448,culex pipiens complex,2-3
222448,culex pipiens complex,3-4
222448,culex pipiens complex,4-5
222448,culex pipiens complex,5-6
222449,culex pipiens complex,0-1
222449,culex pipiens complex,9-10
222449,culex pipiens complex,10-11
222449,culex pipiens complex,11-12
222449,culex pipiens complex,12-13
222449,culex pipiens complex,17-18
222449,culex pipiens complex,18-19
222449,culex pipiens complex,1-2
222449,culex pipiens complex,19-20
222449,culex pipiens complex,2-3
222449,culex pipiens complex,3-4
222473,culex pipiens complex,15-16
222473,culex pipiens complex,16-17
222473,culex pipiens complex,26-27
222473,culex pipiens complex,36-37
222486,culex pipiens complex,16-17
222486,culex pipiens complex,17-18
222486,culex pipiens complex,18-19
222486,culex pipiens complex,1-2
222486,culex pipiens complex,22-23
222486,culex pipiens complex,25-26
222486,culex pipiens complex,28-29
222486,culex pipiens complex,2-3
222486,culex pipiens complex,29-30
222486,culex pipiens complex,32-33
222486,culex pipiens complex,3-4
222487,culex pipiens complex,14-15
222487,culex pipiens complex,3-4
222488,culex pipiens complex,1-2
222490,culex pipiens complex,0-1
222490,culex pipiens complex,14-15
222490,culex pipiens complex,1-2
222491,culex pipiens complex,13-14
222491,culex pipiens complex,4-5
222491,culex pipiens complex,5-6
222491,culex pipiens complex,6-7
222491,culex pipiens complex,7-8
222491,culex pipiens complex,8-9
222492,culex pipiens complex,9-10
222507,culex pipiens complex,14-15
222507,culex pipiens complex,15-16
222507,culex pipiens complex,8-9
222508,culex pipiens complex,1-2
222508,culex pipiens complex,2-3
222508,culex pipiens complex,3-4
222508,culex pipiens complex,4-5
